business_name,category,subcategory,city,address,phone,whatsapp_url,distance_km,google_rating,google_reviews,has_website,play,priority_score,outreach_template
HidroBaby | Babyspa | Spa de bebés | Hidroestimulación,Spa/Wellness,Spa,Asunción,"Del Maestro, Asunción 001408, Paraguay",0993 444000,https://wa.me/0993444000,4.27,5.0,736,NO,"ATM_BRUXISMO,MOMS",14,MOMS_HIDROBABY
Misol Centro de Estética,Salon de Belleza,General,Fernando de la Mora,"Ingavi 649, Fernando de la Mora 110312, Paraguay",0991 732328,https://wa.me/0991732328,8.15,4.8,106,YES,"ATM_BRUXISMO,ESTETICA_DENTAL,B2B_GYM_CORP",14,ATM_BRUXISMO
Pavigi Spa,Spa/Wellness,Spa,San Lorenzo,"MF56+XHR, Av. Pastora Céspedes, San Lorenzo 111438, Paraguay",0981 574641,https://wa.me/0981574641,7.74,4.2,195,NO,"ATM_BRUXISMO,EXPAT_HOTEL",13,ATM_BRUXISMO
Hidrobaby Spa Pinedo,Spa/Wellness,Spa,San Lorenzo,"Av. Mariscal López y, San Lorenzo 111420, Paraguay",0993 444222,https://wa.me/0993444222,9.23,5.0,377,YES,"ATM_BRUXISMO,MOMS",13,MOMS_HIDROBABY
DOLCE CANE boutique y spa canina - Lambaré,Spa/Wellness,Spa,Lambaré,"Av. Cacique Lambare, Lambaré 110725, Paraguay",0992 344263,https://wa.me/0992344263,3.65,4.2,55,NO,"ATM_BRUXISMO,EXPAT_HOTEL",13,ATM_BRUXISMO
Guapa Spa de Uñas y Estética,Spa/Wellness,Spa,Asunción,"Doctor Juan Eulogio Estigarribia &, Charles De Gaulle, Asunción 001412, Paraguay",0981 192526,https://wa.me/0981192526,3.59,4.7,332,YES,"ATM_BRUXISMO,ESTETICA_DENTAL",13,ATM_BRUXISMO
Dermo Beauty · Villa Morra,Salon de Belleza,General,Asunción,"Doctor Francisco Morra Nº 717 casi Eusebio Lillo Robles, Dr. Francisco Morra 717, Asunción 001411, Paraguay",0981 673700,https://wa.me/0981673700,4.46,4.6,206,YES,"ATM_BRUXISMO,ESTETICA_DENTAL",13,ATM_BRUXISMO
Natura Spa,Spa/Wellness,Spa,Asunción,"Bélgica 853 entre, Eusebio Lillo Robles y, Asunción 1829, Paraguay",0981 169164,https://wa.me/0981169164,4.98,4.7,152,YES,"ATM_BRUXISMO,B2B_GYM_CORP",13,ATM_BRUXISMO
Teatro Guaraní,Otros,General,Asunción,"Independencia Nacional &, Oliva esq, Asunción 001101, Paraguay",0972 452099,https://wa.me/0972452099,4.16,4.5,726,YES,EXPAT_HOTEL,13,EXPAT_HOTEL
Guarani Hotel,Otros,General,Asunción,"Oliva esq, Asunción 001101, Paraguay",(021) 452 099,https://wa.me/59521452099,4.19,4.6,4559,YES,EXPAT_HOTEL,13,EXPAT_HOTEL
AVENTURA Centro Deportivo,Gimnasio/Fitness,General,Lambaré,"Porvenir, Lambaré 110705, Paraguay",0985 500023,https://wa.me/0985500023,3.09,4.6,272,NO,B2B_GYM_CORP,12,GYM_BOCA_GUARD
Gym Victor Niella,Gimnasio/Fitness,Gimnasio,Lambaré,"casi, Av. Luis María Argaña & Porvenir, M97G+X6F, Lambaré 110705, Paraguay",0981 400632,https://wa.me/0981400632,2.76,4.6,251,NO,B2B_GYM_CORP,12,GYM_BOCA_GUARD
Spa Tiger,Spa/Wellness,Spa,Asunción,"Europa 2186, Asunción 001236, Paraguay",0994 201066,https://wa.me/0994201066,1.33,4.2,286,NO,ATM_BRUXISMO,12,ATM_BRUXISMO
Nutrifit Spa y Belleza,Spa/Wellness,Spa,Fernando de la Mora,"Don Bosco 2221, Fernando de la Mora 110310, Paraguay",0981 953000,https://wa.me/0981953000,7.94,4.6,233,YES,"ATM_BRUXISMO,ESTETICA_DENTAL",12,ATM_BRUXISMO
Lourdes Elli Belleza y Spa,Spa/Wellness,Spa,Asunción,"MCJF+JPQ, Av. La Victoria, Asunción 001427, Paraguay",(021) 503 329,https://wa.me/59521503329,3.49,4.6,133,NO,"ATM_BRUXISMO,ESTETICA_DENTAL",12,ATM_BRUXISMO
Gimnasio Top Gym,Gimnasio/Fitness,Gimnasio,Asunción,"Iturbe 691, Asunción 001101, Paraguay",(021) 490 074,https://wa.me/59521490074,3.91,4.5,203,NO,B2B_GYM_CORP,12,GYM_BOCA_GUARD
Forever Fit Gym,Spa/Wellness,Gimnasio,San Lorenzo,"MF5R+PGW, Gaspar R De Francia, San Lorenzo 111423, Paraguay",0986 258703,https://wa.me/0986258703,10.61,4.7,239,YES,"ATM_BRUXISMO,B2B_GYM_CORP",12,ATM_BRUXISMO
Global Fitness Paraguay,Gimnasio/Fitness,General,Asunción,"Av. República Argentina 1415 Esq, Asunción 001420, Paraguay",0981 205329,https://wa.me/0981205329,2.75,4.8,200,YES,B2B_GYM_CORP,12,GYM_BOCA_GUARD
Fisiolution Paraguay,Salon de Belleza,General,Asunción,"Simón Bolívar N° 851, entre Parapiti y, Asunción 001103, Paraguay",0981 095546,https://wa.me/0981095546,3.22,4.4,107,NO,"ATM_BRUXISMO,ESTETICA_DENTAL",12,ATM_BRUXISMO
Venus Coiffure I,Uñas/Nails,General,Asunción,"Gaudioso Núñez entre José Asunción Flores, Entrada por estacionamiento a una cuadra de, Teodoro S. Mongelós y, Asunción 001230, Paraguay",0994 270222,https://wa.me/0994270222,1.25,4.2,253,NO,ATM_BRUXISMO,12,ATM_BRUXISMO
Beauty & Spa Body Line,Spa/Wellness,Spa,Asunción,"Cedro 1168 casi Pilar Asunción, Cedro 1168, Asunción 1911, Paraguay",(021) 551 797,https://wa.me/59521551797,1.97,4.4,287,YES,ATM_BRUXISMO,12,ATM_BRUXISMO
Calma tu alma estética integral central,Spa/Wellness,General,Asunción,"Av. España 2031 casi, Asunción 2060, Paraguay",0983 444427,https://wa.me/0983444427,3.02,4.6,159,YES,"ATM_BRUXISMO,ESTETICA_DENTAL",12,ATM_BRUXISMO
BL DermoEstética,Salon de Belleza,General,Asunción,"Avenue Dr. Luis Maria Argaña 246 c, Asunción 001303, Paraguay",0961 845409,https://wa.me/0961845409,2.5,4.5,157,YES,"ATM_BRUXISMO,ESTETICA_DENTAL",12,ATM_BRUXISMO
KS Nails & Eyebrowns,Uñas/Nails,Salon Uñas,Asunción,"Nazareth 306 casi, Asunción 001422, Paraguay",0993 351676,https://wa.me/0993351676,1.83,5.0,211,YES,ATM_BRUXISMO,12,ATM_BRUXISMO
Pausa - Estetica y Cuidado,Estetica/Facial,General,Asunción,"Del Carmen casi, Asunción 001239, Paraguay",0986 545054,https://wa.me/0986545054,1.62,5.0,52,NO,"ATM_BRUXISMO,ESTETICA_DENTAL",12,ATM_BRUXISMO
Golden Gym,Gimnasio/Fitness,Gimnasio,Asunción,"Teniente Héctor Vera, Asunción 001411, Paraguay",0981 660116,https://wa.me/0981660116,4.59,4.9,211,YES,B2B_GYM_CORP,12,GYM_BOCA_GUARD
DepiDermo - Especialistas en Depilación,Salon de Belleza,General,Asunción,"Av. Juscelino Kubitschek 780, Asunción 001228, Paraguay",0981 137204,https://wa.me/0981137204,1.49,4.9,277,YES,ESTETICA_DENTAL,12,ESTETICA_SONRISA
Grafic Sport,Gimnasio/Fitness,General,Asunción,"Av. Eusebio Ayala 677, Asunción 001226, Paraguay",0985 587371,https://wa.me/0985587371,1.47,4.3,127,YES,B2B_GYM_CORP,12,GYM_BOCA_GUARD
Dra.So.Odontología,Salon de Belleza,General,San Lorenzo,"Av. Defensores del Chaco 307, San Lorenzo 2160, Paraguay",0991 966564,https://wa.me/0991966564,10.61,5.0,34,YES,"DIRECT_DENTAL,ATM_BRUXISMO,ESTETICA_DENTAL",12,DENTAL_COLLEAGUE
Complejo Cocodrilo (Mburucuya Fitness),Gimnasio/Fitness,General,Asunción,"PCJP+J48, Av. Santísima Trinidad, Asunción 001521, Paraguay",0986 106062,https://wa.me/0986106062,6.81,4.5,269,NO,B2B_GYM_CORP,11,GYM_BOCA_GUARD
Urban Spa Acquadolce,Spa/Wellness,Spa,Asunción,"Tacuary 1334 e/ 1ra. y 2da. Proyectada, Tacuary 1334, Asunción 001103, Paraguay",0961 281515,https://wa.me/0961281515,3.28,4.7,309,NO,ATM_BRUXISMO,11,ATM_BRUXISMO
Carolina Zarate Spa,Spa/Wellness,Spa,Asunción,"Mariscal Antonio Jose Sucre, Asunción 001411, Paraguay",0981 800788,https://wa.me/0981800788,4.38,4.8,205,YES,ATM_BRUXISMO,11,ATM_BRUXISMO
Galilea Estetica,Estetica/Facial,General,Asunción,"Sta. Rosa 944 c, Asunción 1411, Paraguay",0994 681789,https://wa.me/0994681789,4.02,5.0,395,NO,ESTETICA_DENTAL,11,ESTETICA_SONRISA
RENUVA - Clínica estética y laser,Depilacion,Depilacion Laser,Asunción,"Eusebio Lillo Robles 1498 esq, Asunción 001411, Paraguay",0981 521527,https://wa.me/0981521527,4.48,4.8,248,NO,ESTETICA_DENTAL,11,ESTETICA_SONRISA
Hidrobaby Luque,Spa/Wellness,General,Luque,"Dora Gomez Bueno de Acuña, Luque 0000, Paraguay",0993 444300,https://wa.me/0993444300,13.74,4.9,196,NO,"ATM_BRUXISMO,MOMS",11,MOMS_HIDROBABY
Oh! Baby Spa,Spa/Wellness,Spa,Luque,"PGMH+987, Hernandarias, Luque 110922, Paraguay",0982 357778,https://wa.me/0982357778,14.87,5.0,161,NO,"ATM_BRUXISMO,MOMS",11,MOMS_HIDROBABY
Sport Club Guaraní,Gimnasio/Fitness,General,Lambaré,"Bernardino Caballero 460, Lambaré 110725, Paraguay",(021) 909 551,https://wa.me/59521909551,4.21,4.3,189,NO,B2B_GYM_CORP,11,GYM_BOCA_GUARD
Lirdsteam Gym,Gimnasio/Fitness,Gimnasio,Lambaré,"Manuel Dominguez, Lambaré 110718, Paraguay",0981 461813,https://wa.me/0981461813,3.32,4.9,108,NO,B2B_GYM_CORP,11,GYM_BOCA_GUARD
Cacique Fit Club,Gimnasio/Fitness,General,Lambaré,"Campo Via, Lambaré 110725, Paraguay",0986 457613,https://wa.me/0986457613,4.15,4.7,157,NO,B2B_GYM_CORP,11,GYM_BOCA_GUARD
MegaSport Fitness Center,Gimnasio/Fitness,Gimnasio,Villa Elisa,"Pirayu 479, Villa Elisa 111505, Paraguay",0981 191146,https://wa.me/0981191146,5.42,4.7,227,NO,B2B_GYM_CORP,11,GYM_BOCA_GUARD
Body Wellness Gym,Spa/Wellness,Gimnasio,Luque,"PGP4+585, Comandante Peralta, Luque 110918, Paraguay",(021) 653 355,https://wa.me/59521653355,12.88,4.5,114,NO,"ATM_BRUXISMO,B2B_GYM_CORP",11,ATM_BRUXISMO
Jazmin Cosmeticos,Estetica/Facial,Perfumeria,Lambaré,"Av. Cacique Lambare 960, Lambaré 110723, Paraguay",0981 961766,https://wa.me/0981961766,3.51,4.6,211,NO,ESTETICA_DENTAL,11,ESTETICA_SONRISA
Nutrifit Spa y Belleza Los Laureles,Spa/Wellness,Spa,Asunción,"Teresa Lamas Carísimo 5842 casi, Asunción 001420, Paraguay",0981 100018,https://wa.me/0981100018,3.09,4.5,77,NO,"ATM_BRUXISMO,ESTETICA_DENTAL",11,ATM_BRUXISMO
Estelita Estética en Uñas,Uñas/Nails,Salon Uñas,Fernando de la Mora,"y, Soldado Ovelar & Yatayty Corá, MC6H+XWJ, Fernando de la Mora 110327, Paraguay",0991 204913,https://wa.me/0991204913,4.78,4.7,286,NO,ESTETICA_DENTAL,11,ESTETICA_SONRISA
Qanttum Sport Club,Gimnasio/Fitness,General,Fernando de la Mora,"Mariscal Estigrarribia y, Teniente Ettiene, Fernando de la Mora 110309, Paraguay",0981 200004,https://wa.me/0981200004,6.5,4.7,280,YES,B2B_GYM_CORP,11,GYM_BOCA_GUARD
Bonita Depilaciones,Depilacion,General,Asunción,"Isaac Kostianovsky 5874, Asunción 1001, Paraguay",0985 881864,https://wa.me/0985881864,3.3,4.9,231,NO,ESTETICA_DENTAL,11,ESTETICA_SONRISA
Sempre Bela Fisio Estética,Spa/Wellness,General,Asunción,"Asunción 001522, Paraguay",0986 663434,https://wa.me/0986663434,7.97,4.9,116,NO,"ATM_BRUXISMO,ESTETICA_DENTAL",11,ATM_BRUXISMO
Claudia Nuñez Beauty Salon,Salon de Belleza,General,Asunción,"Bartolome De Las Casas, Asunción 001231, Paraguay",0992 917141,https://wa.me/0992917141,0.92,4.4,114,NO,ESTETICA_DENTAL,11,ESTETICA_SONRISA
Amaran Estética,Salon de Belleza,General,Asunción,"Cuartel de la Rivera 4926, Asunción 001414, Paraguay",0992 330183,https://wa.me/0992330183,2.58,4.8,66,NO,"ATM_BRUXISMO,ESTETICA_DENTAL",11,ATM_BRUXISMO
BONICA - Women's Club,Salon de Belleza,General,Asunción,"Teniente Héctor Vera esq, Asunción 1816, Paraguay",0982 669939,https://wa.me/0982669939,4.56,4.8,66,NO,"ATM_BRUXISMO,ESTETICA_DENTAL",11,ATM_BRUXISMO
Mudraa Spa Py,Spa/Wellness,Spa,Asunción,"Carmen Soler 3640 c, Asunción 0000, Paraguay",0971 186989,https://wa.me/0971186989,1.95,4.9,116,YES,ATM_BRUXISMO,11,ATM_BRUXISMO
Barbas Barbershop,Barberia,General,Asunción,"Chóferes Del Chaco 9001 A Asunción, Asunción 9001, Paraguay",0972 400517,https://wa.me/0972400517,2.19,4.7,347,YES,ATM_BRUXISMO,11,ATM_BRUXISMO
Figari Fitness Center,Gimnasio/Fitness,Gimnasio,Lambaré,"Cacique Lambaré c, Héroes del 70, Lambaré 110720, Paraguay",0971 625662,https://wa.me/0971625662,3.25,4.6,116,YES,B2B_GYM_CORP,11,GYM_BOCA_GUARD
Gimnasio Forma Fisica,Gimnasio/Fitness,Gimnasio,Asunción,"y, Senador Huey Pierce Long &, Olegario Víctor Andrade, Asunción 001411, Paraguay",(021) 600 874,https://wa.me/59521600874,3.95,4.6,169,YES,B2B_GYM_CORP,11,GYM_BOCA_GUARD
Gimnasio Nueva Onda El Templo,Gimnasio/Fitness,Gimnasio,Asunción,"Brasil &, P93C+V6Q, República de Colombia, Asunción 001221, Paraguay",(021) 450 306,https://wa.me/59521450306,2.85,4.8,136,YES,B2B_GYM_CORP,11,GYM_BOCA_GUARD
Pamela Domenech Studio - Micropigmentacion - Microblading - Cursos - Estetica Facial,Estetica/Facial,General,Lambaré,"Mayor Martinez 328 c, Lambaré 110723, Paraguay",0981 465089,https://wa.me/0981465089,3.68,4.9,54,NO,"ATM_BRUXISMO,ESTETICA_DENTAL",11,ATM_BRUXISMO
PIBA estetica y depilación,Estetica/Facial,General,Asunción,"PC3C+XQP, Av. Mariscal López, Asunción 1814, Paraguay",0994 242249,https://wa.me/0994242249,3.79,4.9,327,YES,ESTETICA_DENTAL,11,ESTETICA_SONRISA
Derma Boutique - Asunción,Otros,General,Asunción,"Augusto Roa Bastos, Asunción 001530, Paraguay",(021) 283 333,https://wa.me/59521283333,4.44,4.3,77,NO,EXPAT_HOTEL,11,EXPAT_HOTEL
Urban Spa Calle 11,Spa/Wellness,Spa,Asunción,"Intendentes Militares 857, Asunción 1409, Paraguay",0976 968585,https://wa.me/0976968585,3.67,4.5,303,YES,ATM_BRUXISMO,11,ATM_BRUXISMO
Spa Masculino A Cáceres - Masajes y Sauna,Spa/Wellness,Spa,Asunción,"Sucre 1783 -25, 2913755 57, Asunción 001408, Paraguay",0983 481000,https://wa.me/0983481000,4.55,4.9,216,YES,ATM_BRUXISMO,11,ATM_BRUXISMO
💈| Los Barberos de López ✅ - Barbería y Peluquería Premium - Barber Top Shop Abierta 24 h -cerca de Asunción @barberosdelopez,Peluqueria,General,Asunción,"25 de Mayo 369 esquina, Asunción 001101, Paraguay",0971 838282,https://wa.me/0971838282,3.95,4.9,2169,YES,ATM_BRUXISMO,11,ATM_BRUXISMO
Joseph Coiffure,Salon de Belleza,General,Asunción,"Av. Dr. Fernando de la Mora 2504, Asunción 001314, Paraguay",0986 243602,https://wa.me/0986243602,2.27,4.6,1274,YES,ESTETICA_DENTAL,11,ESTETICA_SONRISA
Depyless Depilación Médica Láser Centro Oficial de Soprano Titanium,Salon de Belleza,General,Asunción,"Eusebio Lillo Robles 1109 Esquina, Asunción 1813, Paraguay",0981 252511,https://wa.me/0981252511,4.32,5.0,987,YES,ESTETICA_DENTAL,11,ESTETICA_SONRISA
Centro de Depilación Láser Diodo - DepilArte,Salon de Belleza,General,Asunción,"Senador Huey Pierce Long 566, Asunción 001411, Paraguay",0981 560959,https://wa.me/0981560959,4.22,4.9,287,YES,ESTETICA_DENTAL,11,ESTETICA_SONRISA
Brow Bar,Salon de Belleza,General,Asunción,"Cruz Del Chaco esq, Asunción 1849, Paraguay",(021) 728 8000,https://wa.me/0217288000,3.33,4.7,404,YES,ESTETICA_DENTAL,11,ESTETICA_SONRISA
Velours Depilación Láser,Salon de Belleza,General,Lambaré,"Av. Cacique Lambare 1959, Lambaré 2420, Paraguay",0991 855939,https://wa.me/0991855939,3.33,5.0,230,YES,ESTETICA_DENTAL,11,ESTETICA_SONRISA
DepiLife,Salon de Belleza,General,Asunción,"Eusebio Lillo Robles 1281, Asunción 1849, Paraguay",0984 639623,https://wa.me/0984639623,4.4,4.9,221,YES,ESTETICA_DENTAL,11,ESTETICA_SONRISA
Premier Fitness Club Asunción,Gimnasio/Fitness,General,Asunción,"General Bernardo O'Higgins 25, 2923941 57, Asunción 1411, Paraguay",0972 141444,https://wa.me/0972141444,4.34,4.7,119,YES,B2B_GYM_CORP,11,GYM_BOCA_GUARD
"Essenza cirugia, medicina estética y odontologica",Otros,General,Asunción,"Cerro Cora 3948 & Radio Operadores del Chaco, Cerro Corá 3948, Asunción 1594, Paraguay",0986 318186,https://wa.me/0986318186,1.84,4.3,6,NO,"DIRECT_DENTAL,ESTETICA_DENTAL",11,DENTAL_COLLEAGUE
Odontologia Miranda Estética Dentofacial,Estetica/Facial,General,Asunción,"Solar Guarani, Asunción 1380, Paraguay",0985 380756,https://wa.me/0985380756,1.09,5.0,3,NO,"DIRECT_DENTAL,ESTETICA_DENTAL",11,DENTAL_COLLEAGUE
Dental Guarani S.A.,Otros,General,Asunción,"Yegros esq., República de Colombia 1094, Asunción 001102, Paraguay",(021) 494 411,https://wa.me/59521494411,3.86,4.2,85,YES,DIRECT_DENTAL,11,DENTAL_COLLEAGUE
Magnolia Peluquería,Peluqueria,General,Asunción,"Bartolome De Las Casas 206 esq, Asunción 001231, Paraguay",(021) 558 289,https://wa.me/59521558289,1.0,4.7,216,NO,ADJACENT_REFER,10,ADJACENT_GENERAL
Maison Mint,Peluqueria,General,Asunción,"Eusebio Lillo Robles esquina, Asunción 001411, Paraguay",0981 301077,https://wa.me/0981301077,4.1,4.8,112,NO,ATM_BRUXISMO,10,ATM_BRUXISMO
Teranu,Spa/Wellness,General,Asunción,"Guillermo Saraví, Asunción 001414, Paraguay",0971 252626,https://wa.me/0971252626,2.36,4.8,184,NO,ATM_BRUXISMO,10,ATM_BRUXISMO
Mega Cosméticos Asunción,Otros,General,Asunción,"Av. Gral. Bernardino Caballero y, Asunción 001227, Paraguay",0986 477733,https://wa.me/0986477733,1.29,4.6,561,NO,ADJACENT_REFER,10,ADJACENT_GENERAL
Lyon Gym,Gimnasio/Fitness,Gimnasio,Asunción,"Av. Primer Presidente, Asunción 001518, Paraguay",0986 657777,https://wa.me/0986657777,7.56,4.8,148,NO,B2B_GYM_CORP,10,GYM_BOCA_GUARD
Full Form Gym,Gimnasio/Fitness,Gimnasio,Villa Elisa,"Luis A. del Parana, Villa Elisa 111502, Paraguay",0981 423913,https://wa.me/0981423913,5.01,4.5,148,NO,B2B_GYM_CORP,10,GYM_BOCA_GUARD
Medina Fitness,Gimnasio/Fitness,General,Fernando de la Mora,"MFP4+457, Luis A. del Paraná, Fernando de la Mora 110305, Paraguay",0981 162190,https://wa.me/0981162190,6.58,4.7,183,NO,B2B_GYM_CORP,10,GYM_BOCA_GUARD
L´EVEL Femenino / Masculino,Salon de Belleza,General,Asunción,"Paseo de la Infanta - Pacheco entre Monseñor Bogarín y Tte. Zotti -, PC27+RW3, Dr. Toribio Pacheco, Asunción 001413, Paraguay",(021) 329 2436,https://wa.me/0213292436,3.06,4.7,144,NO,ESTETICA_DENTAL,10,ESTETICA_SONRISA
BleuDepilación,Salon de Belleza,General,Asunción,"Cnel. Ramón Diaz 564, Asunción 001416, Paraguay",0971 161733,https://wa.me/0971161733,3.53,4.9,141,NO,ESTETICA_DENTAL,10,ESTETICA_SONRISA
Fran Gym,Gimnasio/Fitness,Gimnasio,Fernando de la Mora,"Capitan Romero c, Fernando de la Mora 110305, Paraguay",0982 116619,https://wa.me/0982116619,6.68,4.9,138,NO,B2B_GYM_CORP,10,GYM_BOCA_GUARD
XXG Gym,Gimnasio/Fitness,Gimnasio,Fernando de la Mora,"MFR8+RFF, Fernando de la Mora 110303, Paraguay",(021) 678 171,https://wa.me/59521678171,7.69,4.7,119,NO,B2B_GYM_CORP,10,GYM_BOCA_GUARD
Ritmo Gym,Gimnasio/Fitness,Gimnasio,San Lorenzo,"MF9R+F2R, Ave Gral Eugenio A. Garay, San Lorenzo 111419, Paraguay",(021) 574 908,https://wa.me/59521574908,10.23,4.5,274,YES,B2B_GYM_CORP,10,GYM_BOCA_GUARD
Bingo Guarani,Otros,General,Asunción,"M9XM+2JX, Av. Eusebio Ayala, Asunción 001236, Paraguay",(021) 204 419,https://wa.me/59521204419,1.42,4.1,415,NO,ADJACENT_REFER,10,ADJACENT_GENERAL
Club Guaraní,Otros,General,Asunción,"Año 1811, Asunción 001236, Paraguay",(021) 227 080,https://wa.me/59521227080,1.35,4.2,685,NO,ADJACENT_REFER,10,ADJACENT_GENERAL
Mundo Fitness Gym,Gimnasio/Fitness,Gimnasio,Villa Elisa,"Von Polesky esquina, JC79+82C, Villa Montes, Villa Elisa 111516, Paraguay",0972 416801,https://wa.me/0972416801,8.54,4.5,124,YES,B2B_GYM_CORP,10,GYM_BOCA_GUARD
Mburucuya Fitness Center,Gimnasio/Fitness,Gimnasio,Asunción,"Dr. Hipólito Carrón esquina, Asunción 001520, Paraguay",0992 446377,https://wa.me/0992446377,6.3,4.7,112,YES,B2B_GYM_CORP,10,GYM_BOCA_GUARD
Shirley Nails,Uñas/Nails,Salon Uñas,Asunción,"Av. Dr. Fernando de la Mora 3260, Asunción 001315, Paraguay",0991 758633,https://wa.me/0991758633,3.16,4.6,137,NO,ATM_BRUXISMO,10,ATM_BRUXISMO
ORBUS GYM,Gimnasio/Fitness,Gimnasio,Villa Elisa,"Américo Picco, Villa Elisa 111509, Paraguay",0984 349693,https://wa.me/0984349693,6.23,4.5,114,YES,B2B_GYM_CORP,10,GYM_BOCA_GUARD
FITO GYM,Gimnasio/Fitness,Gimnasio,Fernando de la Mora,"Magallanes, z sur, Av. Zavalas Cué y, Fernando de la Mora 110331, Paraguay",0971 250025,https://wa.me/0971250025,5.34,4.7,110,YES,B2B_GYM_CORP,10,GYM_BOCA_GUARD
GO FIT GYM,Gimnasio/Fitness,Gimnasio,Fernando de la Mora,"Jacaranda y, Fernando de la Mora 110304, Paraguay",0982 980262,https://wa.me/0982980262,6.83,4.9,142,YES,B2B_GYM_CORP,10,GYM_BOCA_GUARD
BL DermoEstética,Salon de Belleza,General,Asunción,"Dra. Serafina Dávalos, Asunción 1876, Paraguay",0975 900550,https://wa.me/0975900550,3.02,4.7,147,YES,ESTETICA_DENTAL,10,ESTETICA_SONRISA
Cuerpo Armónico by Clara Gaona,Spa/Wellness,General,Asunción,"Av. Dr. José Gaspar Rodriguez de Francia, Asunción 001103, Paraguay",0981 823279,https://wa.me/0981823279,3.57,4.4,146,YES,ATM_BRUXISMO,10,ATM_BRUXISMO
Depiclub py,Salon de Belleza,General,Asunción,"Peru esquina, Asunción 001220, Paraguay",0982 108953,https://wa.me/0982108953,2.7,4.7,129,YES,ESTETICA_DENTAL,10,ESTETICA_SONRISA
Lau Depilaciones,Depilacion,General,Lambaré,"M9MP+4J6, Lambaré 110701, Paraguay",0971 972536,https://wa.me/0971972536,0.5,4.9,56,NO,ESTETICA_DENTAL,10,ESTETICA_SONRISA
Vita Cosméticos,Otros,General,Asunción,"Av. Eusebio Ayala 454, Asunción 001227, Paraguay",0974 800611,https://wa.me/0974800611,1.29,4.2,798,YES,ADJACENT_REFER,10,ADJACENT_GENERAL
Lidia Imlach Micropigmentacion Studio,Salon de Belleza,General,Asunción,"Atyra 981, Asunción 001231, Paraguay",0983 346534,https://wa.me/0983346534,0.85,5.0,64,YES,ESTETICA_DENTAL,10,ESTETICA_SONRISA
Bellas Beauty Salon,Salon de Belleza,General,Asunción,"Nazareth sobre, Dr. Osvaldo Chavez, Asunción 1905, Paraguay",0984 177008,https://wa.me/0984177008,1.72,4.8,59,YES,ESTETICA_DENTAL,10,ESTETICA_SONRISA
Dra. Diana Grossling,Salon de Belleza,General,Asunción,"Eusebio Lillo Robles 1750, Asunción 1750, Paraguay",0982 160036,https://wa.me/0982160036,4.62,4.8,34,NO,"ATM_BRUXISMO,ESTETICA_DENTAL",10,ATM_BRUXISMO
Casa De Cosmeticos,Estetica/Facial,Perfumeria,Asunción,"Asunción 001102, Paraguay",0984 453331,https://wa.me/0984453331,4.0,4.7,181,YES,ESTETICA_DENTAL,10,ESTETICA_SONRISA
Wanda Boutique,Otros,General,Asunción,"M9FC+9X9, Av. José Felix Bogado, Asunción 001302, Paraguay",0306 198,https://wa.me/0306198,2.25,4.5,46,NO,EXPAT_HOTEL,10,EXPAT_HOTEL
The Baby Nails By Claudia,Uñas/Nails,Salon Uñas,Asunción,"Eligio Ayala 2184 esquina, Asunción 001225, Paraguay",0981 826938,https://wa.me/0981826938,2.31,4.9,78,YES,MOMS,10,MOMS_HIDROBABY
Urban Spa Calle 11 - Mburucuya,Spa/Wellness,Spa,Asunción,"Padre José Félix González, Asunción 001531, Paraguay",0974 968585,https://wa.me/0974968585,6.23,4.5,439,YES,ATM_BRUXISMO,10,ATM_BRUXISMO
Podologia y spa de pies Mandala,Spa/Wellness,Spa,Lambaré,"5 De Junio, Lambaré 110724, Paraguay",0993 383243,https://wa.me/0993383243,3.75,4.8,37,YES,"ATM_BRUXISMO,ESTETICA_DENTAL",10,ATM_BRUXISMO
BUCCI - Osvaldo Bucci,Peluqueria,General,Asunción,"Del Sol Shopping and Lifestyle, Asunción 001529, Paraguay",0981 120578,https://wa.me/0981120578,5.5,4.5,338,YES,ATM_BRUXISMO,10,ATM_BRUXISMO
Velours Clínica Medicina Estética,Salon de Belleza,General,Asunción,"Papa Juan XXIII y, Asunción 001529, Paraguay",0991 855939,https://wa.me/0991855939,5.49,5.0,1278,YES,ESTETICA_DENTAL,10,ESTETICA_SONRISA
GTC - FDO,Gimnasio/Fitness,General,Fernando de la Mora,"Villa Montes, Fernando de la Mora 110312, Paraguay",0994 208741,https://wa.me/0994208741,7.69,4.7,111,YES,B2B_GYM_CORP,10,GYM_BOCA_GUARD
BIGG Herrera,Gimnasio/Fitness,General,Asunción,"Del Maestro 3143, Asunción 001406, Paraguay",0981 643222,https://wa.me/0981643222,5.42,4.7,160,YES,B2B_GYM_CORP,10,GYM_BOCA_GUARD
Zona Fit del Paseo,Gimnasio/Fitness,General,Asunción,"Avda. Santa Teresa entre, Av. Aviadores del Chaco y, Asunción 001410, Paraguay",0986 108875,https://wa.me/0986108875,5.69,4.6,144,YES,B2B_GYM_CORP,10,GYM_BOCA_GUARD
Maru Faciales & Corporales,Estetica/Facial,General,Lambaré,"Lambaré 110728, Paraguay",0992 400028,https://wa.me/0992400028,5.0,4.8,37,YES,"ATM_BRUXISMO,ESTETICA_DENTAL",10,ATM_BRUXISMO
Rommy Centro,Salon de Belleza,General,Asunción,"Alberdi y, Asunción 001013, Paraguay",(021) 496 591,https://wa.me/59521496591,4.34,4.3,130,YES,ESTETICA_DENTAL,10,ESTETICA_SONRISA
Sofia Gontor Beauty,Salon de Belleza,General,Asunción,"Pirizal &, 12 de Octubre, Asunción 001310, Paraguay",0986 552573,https://wa.me/0986552573,0.85,4.9,68,YES,ESTETICA_DENTAL,10,ESTETICA_SONRISA
Centro Naturista Salud & Belleza,Spa/Wellness,General,Fernando de la Mora,"MC7F+9PH, Nueva Asunción, Fernando de la Mora 110328, Paraguay",0981 474281,https://wa.me/0981474281,4.27,4.3,33,YES,"ATM_BRUXISMO,ESTETICA_DENTAL",10,ATM_BRUXISMO
La casa Depelle,Salon de Belleza,General,Asunción,"Gonzalo Bulnes 677, Asunción 001411, Paraguay",0984 731000,https://wa.me/0984731000,4.2,5.0,46,YES,"ATM_BRUXISMO,ESTETICA_DENTAL",10,ATM_BRUXISMO
Sinaí Dermo Radiance,Salon de Belleza,General,Asunción,"Av. Brasilia 1015, Asunción 1015, Paraguay",0974 455435,https://wa.me/0974455435,3.97,5.0,42,YES,"ATM_BRUXISMO,ESTETICA_DENTAL",10,ATM_BRUXISMO
Vida Estética,Spa/Wellness,General,Asunción,"Av. Venezuela 573, Asunción 001207, Paraguay",0972 704040,https://wa.me/0972704040,3.38,3.8,36,YES,"ATM_BRUXISMO,ESTETICA_DENTAL",10,ATM_BRUXISMO
Venus Nails Boutique & Spa,Spa/Wellness,Spa,Lambaré,"Acuña de Figueroa n°3990 c, Lambaré 110716, Paraguay",0972 740600,https://wa.me/0972740600,4.06,5.0,8,YES,"ATM_BRUXISMO,EXPAT_HOTEL",10,ATM_BRUXISMO
Essencial SPA,Spa/Wellness,Spa,Luque,"Luque 110933, Paraguay",0982 338886,https://wa.me/0982338886,12.02,4.6,285,NO,ATM_BRUXISMO,9,ATM_BRUXISMO
Lila Cornejo Spa,Spa/Wellness,Spa,Villa Elisa,"Ecuador 546, Villa Elisa 111507, Paraguay",0983 376951,https://wa.me/0983376951,5.93,4.8,113,NO,ATM_BRUXISMO,9,ATM_BRUXISMO
YessNails Spa Manos,Spa/Wellness,Spa,San Antonio,"Av. San Antonio 720 c, San Antonio 111309, Paraguay",0981 618000,https://wa.me/0981618000,12.47,4.7,204,NO,ATM_BRUXISMO,9,ATM_BRUXISMO
Vita Cosmeticos,Estetica/Facial,Perfumeria,San Lorenzo,"De Las Residentas, San Lorenzo 111452, Paraguay",(021) 590 730,https://wa.me/59521590730,11.7,4.5,412,NO,ESTETICA_DENTAL,9,ESTETICA_SONRISA
Silana,Spa/Wellness,General,Asunción,"Av. Bruno Guggiari 438, Asunción 110707, Paraguay",(021) 333 990,https://wa.me/59521333990,2.91,4.8,80,NO,ATM_BRUXISMO,9,ATM_BRUXISMO
Barberia H2O,Barberia,General,San Lorenzo,"Frente a la UNA, Gaspar R De Francia, San Lorenzo 111420, Paraguay",0972 413121,https://wa.me/0972413121,9.94,4.9,194,NO,ATM_BRUXISMO,9,ATM_BRUXISMO
Peluquería Sánchez,Peluqueria,General,Fernando de la Mora,"2300, Fernando de la Mora 110325, Paraguay",0982 453302,https://wa.me/0982453302,4.94,4.9,251,NO,ADJACENT_REFER,9,ADJACENT_GENERAL
Clinica Dr.T,Spa/Wellness,General,Asunción,"Soldado Desconocido 125, Asunción 0000, Paraguay",(021) 602 490,https://wa.me/59521602490,4.2,4.8,53,NO,ATM_BRUXISMO,9,ATM_BRUXISMO
Po Renda Spa de Manos y Pies,Spa/Wellness,Spa,Asunción,"Mayor José Lamas Carísimo 716, Asunción 001417, Paraguay",0983 041081,https://wa.me/0983041081,4.73,4.7,88,NO,ATM_BRUXISMO,9,ATM_BRUXISMO
Charme ASU,Peluqueria,General,Asunción,"Shopping Villa Morra, Av. Mariscal López Local 49, Asunción 001412, Paraguay",(021) 612 899,https://wa.me/59521612899,3.63,4.5,299,NO,ADJACENT_REFER,9,ADJACENT_GENERAL
Tabarelli Training Center,Gimnasio/Fitness,General,Luque,"PGM3+6XJ, Av. Gral. Aquino, Luque 110932, Paraguay",(021) 655 172,https://wa.me/59521655172,12.68,4.5,153,NO,B2B_GYM_CORP,9,GYM_BOCA_GUARD
Full Fitness Gym,Gimnasio/Fitness,Gimnasio,Luque,"PGP3+277, Mariscal Lopez, Luque 110918, Paraguay",(021) 640 740,https://wa.me/59521640740,12.62,4.7,197,NO,B2B_GYM_CORP,9,GYM_BOCA_GUARD
Áva Mariscal,Peluqueria,General,Asunción,"Av. Mariscal López 4561, Asunción 1863, Paraguay",0994 558853,https://wa.me/0994558853,4.33,4.6,235,NO,ADJACENT_REFER,9,ADJACENT_GENERAL
Apple Wellness Gym,Spa/Wellness,Gimnasio,Asunción,"Av. Mariscal López, Asunción 001412, Paraguay",0982 828165,https://wa.me/0982828165,3.77,4.8,62,NO,ATM_BRUXISMO,9,ATM_BRUXISMO
FERNANDO BUFFA ESTILISTA,Salon de Belleza,General,Asunción,"Victor Heyn 7364, Asunción 7364, Paraguay",0971 609575,https://wa.me/0971609575,5.41,4.6,108,NO,ESTETICA_DENTAL,9,ESTETICA_SONRISA
Gym New One Life,Gimnasio/Fitness,Gimnasio,Hernandarias,"Km 14, RutaTranschaco esq, Hernandarias 111018, Paraguay",0981 775282,https://wa.me/0981775282,12.16,4.7,118,NO,B2B_GYM_CORP,9,GYM_BOCA_GUARD
Hippie Chic,Salon de Belleza,General,San Lorenzo,"Av. Defensores del Chaco esquina, San Lorenzo 111422, Paraguay",0981 195626,https://wa.me/0981195626,10.56,4.8,217,NO,ESTETICA_DENTAL,9,ESTETICA_SONRISA
"Peluquería - La Santa - Care Salon, Asunción.",Salon de Belleza,General,Asunción,"Molas Lopez 1832, Asunción 1411, Paraguay",0981 300503,https://wa.me/0981300503,6.47,4.9,115,NO,ESTETICA_DENTAL,9,ESTETICA_SONRISA
Peluquería y Barberia JOSÉ,Peluqueria,General,Asunción,"MCP4+3CF, Asunción 001422, Paraguay",0976 545347,https://wa.me/0976545347,1.62,5.0,169,NO,ADJACENT_REFER,9,ADJACENT_GENERAL
Complejo Los Naranjos,Gimnasio/Fitness,General,Ñemby,"Unnamed Road, Ñemby 111216, Paraguay",0981 492743,https://wa.me/0981492743,11.48,4.5,107,NO,B2B_GYM_CORP,9,GYM_BOCA_GUARD
DepiPink - Barrio Herrera,Salon de Belleza,General,Asunción,"Pte. Juan Manuel Frutos 2626 entre, Capitán Emeterio Miranda y, Asunción 001407, Paraguay",0971 226221,https://wa.me/0971226221,5.25,4.8,184,NO,ESTETICA_DENTAL,9,ESTETICA_SONRISA
Q nails club spa de manos y pies,Spa/Wellness,Spa,Asunción,"Antonio José de Sucre 1859, entre motta y, Asunción 001408, Paraguay",0972 999688,https://wa.me/0972999688,4.59,4.4,87,NO,ATM_BRUXISMO,9,ATM_BRUXISMO
Cami Landolfi,Salon de Belleza,General,Asunción,"Alas Paraguayas 348, Asunción 1863, Paraguay",0981 991925,https://wa.me/0981991925,3.95,4.7,95,NO,ESTETICA_DENTAL,9,ESTETICA_SONRISA
Annuva,Salon de Belleza,General,Asunción,"PC6C+4PF, Sucre, Asunción 001411, Paraguay",0991 208143,https://wa.me/0991208143,4.19,5.0,95,NO,ESTETICA_DENTAL,9,ESTETICA_SONRISA
Lidu Salinas Salon De Belleza,Salon de Belleza,General,Fernando de la Mora,"De la Victoria ,esquina Fortin Camacho l, De la Victoria esquina, Fernando de la Mora 110328, Paraguay",0983 374490,https://wa.me/0983374490,3.94,4.8,94,NO,ESTETICA_DENTAL,9,ESTETICA_SONRISA
JK BEAUTY SALON,Salon de Belleza,General,Asunción,"Incienso, &, Asunción 001429, Paraguay",0994 481644,https://wa.me/0994481644,3.07,4.9,72,NO,ESTETICA_DENTAL,9,ESTETICA_SONRISA
Paseo Deltoto,Otros,General,Lambaré,"Porvenir y, Lambaré 110705, Paraguay",0981 592395,https://wa.me/0981592395,2.8,4.3,961,NO,ADJACENT_REFER,9,ADJACENT_GENERAL
Gabby Dose Studio,Salon de Belleza,General,Asunción,"Raul Carmona, &, Asunción 001408, Paraguay",0991 785311,https://wa.me/0991785311,4.42,4.9,71,NO,ESTETICA_DENTAL,9,ESTETICA_SONRISA
"INA STYLE Pelucas, BARBERIA, extensiones, alargues, coletas, apliques hair topper. Cabello 100% natural. ALQUILER",Peluqueria,General,Asunción,"Enrique Solano López N° 914, Asunción 001205, Paraguay",0971 147251,https://wa.me/0971147251,3.68,4.7,330,YES,ADJACENT_REFER,9,ADJACENT_GENERAL
Rebellion Sauna,Spa/Wellness,General,Asunción,"Av. Perú 689 esquina, Asunción 001224, Paraguay",0973 136666,https://wa.me/0973136666,2.6,4.3,93,NO,ATM_BRUXISMO,9,ATM_BRUXISMO
La Guarida Barberos,Barberia,General,Asunción,"Moisés Bertoni esquina, Asunción 001411, Paraguay",0971 656656,https://wa.me/0971656656,3.93,4.7,250,YES,ADJACENT_REFER,9,ADJACENT_GENERAL
Ciria Depilaciones Campo Grande,Depilacion,General,Asunción,"PFH3+636, Asunción 001524, Paraguay",0981 933247,https://wa.me/0981933247,7.84,4.8,152,NO,ESTETICA_DENTAL,9,ESTETICA_SONRISA
Mirage Sport Center,Gimnasio/Fitness,General,San Lorenzo,"Tte Benitez, San Lorenzo 111423, Paraguay",0986 273555,https://wa.me/0986273555,11.3,4.6,142,YES,B2B_GYM_CORP,9,GYM_BOCA_GUARD
Total GYM,Gimnasio/Fitness,Gimnasio,Lúke,"Panamá esq, Lúke 110945, Paraguay",0984 423001,https://wa.me/0984423001,11.51,4.7,116,YES,B2B_GYM_CORP,9,GYM_BOCA_GUARD
Agressive Gym,Gimnasio/Fitness,Gimnasio,San Lorenzo,"MG42+F89, Fortín Toledo, San Lorenzo 111429, Paraguay",0981 876682,https://wa.me/0981876682,11.63,4.7,138,YES,B2B_GYM_CORP,9,GYM_BOCA_GUARD
CZ ALTO RENDIMIENTO DEPORTIVO,Gimnasio/Fitness,General,Asunción,"QF44+9JC mi José María, Ocara poty, Asunción 0010, Paraguay",0982 427692,https://wa.me/0982427692,10.26,4.8,175,YES,B2B_GYM_CORP,9,GYM_BOCA_GUARD
Amano Spa de manos y pies,Spa/Wellness,Spa,Asunción,"Federación Rusa 1215, Asunción 001527, Paraguay",0981 714783,https://wa.me/0981714783,5.39,4.7,116,YES,ATM_BRUXISMO,9,ATM_BRUXISMO
Flayp S.R.L.,Otros,General,Asunción,"Solar Guarani 1256 c/ José Asunción Flores, Solar Guarani 1256, Asunción 001230, Paraguay",(021) 200 080,https://wa.me/59521200080,1.17,4.2,101,NO,ADJACENT_REFER,9,ADJACENT_GENERAL
Barbas,Peluqueria,General,Asunción,"Julio Correa 450, Asunción 001526, Paraguay",0972 500517,https://wa.me/0972500517,6.53,4.8,144,YES,ATM_BRUXISMO,9,ATM_BRUXISMO
DC Pilates & Fisio - Sucursal Villa Elisa,Gimnasio/Fitness,Yoga/Pilates,Villa Elisa,"Zárate esq, Villa Elisa 2610, Paraguay",0983 101013,https://wa.me/0983101013,4.18,5.0,56,YES,ATM_BRUXISMO,9,ATM_BRUXISMO
Bendito Spa Boutique Carmelitas,Spa/Wellness,Spa,Asunción,"PC9G+7P5, Asunción 001529, Paraguay",0993 555560,https://wa.me/0993555560,5.12,4.9,26,NO,"ATM_BRUXISMO,EXPAT_HOTEL",9,ATM_BRUXISMO
Bandido tatuajes Py,Spa/Wellness,General,Asunción,"Av. Dr. José Gaspar Rodriguez de Francia, Asunción 001221, Paraguay",0972 815410,https://wa.me/0972815410,2.48,4.9,60,YES,ATM_BRUXISMO,9,ATM_BRUXISMO
Asunción Underground,Otros,General,Asunción,"389,, Gral. Díaz, Asunción 001101, Paraguay",0981 718748,https://wa.me/0981718748,4.34,4.6,268,YES,ADJACENT_REFER,9,ADJACENT_GENERAL
Espacio Samu´u,Spa/Wellness,Spa,Asunción,"Caballero 773, Asunción 001101, Paraguay",0981 730492,https://wa.me/0981730492,3.79,4.8,75,YES,ATM_BRUXISMO,9,ATM_BRUXISMO
The Yoga Garden Paraguay,Gimnasio/Fitness,Yoga/Pilates,Asunción,"Dr. Justo Prieto 3774, Asunción 001229, Paraguay",0981 498080,https://wa.me/0981498080,2.27,5.0,69,YES,ATM_BRUXISMO,9,ATM_BRUXISMO
NOVA SALÓN & SPA,Spa/Wellness,Spa,Asunción,"Senador Huey Pierce Long 790, Asunción 001411, Paraguay",0985 352515,https://wa.me/0985352515,4.48,3.7,70,NO,ATM_BRUXISMO,9,ATM_BRUXISMO
Majestik,Salon de Belleza,General,Asunción,"001416, Av. Dr. Guido Boggiani 6115, Asunción 001416, Paraguay",0983 999662,https://wa.me/0983999662,4.43,4.9,79,YES,ESTETICA_DENTAL,9,ESTETICA_SONRISA
ANGIE Peluquería y Spa,Peluqueria,Spa,Asunción,"Tacuari 646 entre Azara y Herrera Asunción, Asunción 1506, Paraguay",0982 811934,https://wa.me/0982811934,3.51,4.7,62,YES,ATM_BRUXISMO,9,ATM_BRUXISMO
Alisados Paraguay,Peluqueria,General,Asunción,"c C Gomez 1063, Asunción 001007, Paraguay",0981 119455,https://wa.me/0981119455,4.93,4.9,51,YES,ATM_BRUXISMO,9,ATM_BRUXISMO
Perla Hair Salon,Salon de Belleza,General,Asunción,"Sgto. José León Gauto 555, Asunción 001206, Paraguay",0985 951672,https://wa.me/0985951672,3.81,4.8,85,YES,ESTETICA_DENTAL,9,ESTETICA_SONRISA
Centro estético Sonia Lanoza,Spa/Wellness,General,Asunción,"Atyra, Asunción 001423, Paraguay",0986 371827,https://wa.me/0986371827,1.64,4.8,11,NO,"ATM_BRUXISMO,ESTETICA_DENTAL",9,ATM_BRUXISMO
Yoga en el Centro,Gimnasio/Fitness,Yoga/Pilates,Asunción,"Manuel Gondra 1738 E, Tte. Garay y, Asunción 1014, Paraguay",0981 400800,https://wa.me/0981400800,1.13,5.0,45,YES,ATM_BRUXISMO,9,ATM_BRUXISMO
Odontología Cautiva/Clinica dental/Odontologia/Ortodoncia/Odontopediatria/Botox/Carillas dentales/Implantes/Estetica dental,Estetica/Facial,General,Fernando de la Mora,"Palma 1429, Fernando de la Mora 110319, Paraguay",0994 460046,https://wa.me/0994460046,5.94,5.0,29,NO,"DIRECT_DENTAL,ESTETICA_DENTAL",9,DENTAL_COLLEAGUE
Bella Pelle,Spa/Wellness,General,Asunción,"Av. Médicos del Chaco 2312, Asunción 110711, Paraguay",0991 728094,https://wa.me/0991728094,1.89,4.8,38,YES,ATM_BRUXISMO,9,ATM_BRUXISMO
Alexandra Nails & Beauty,Uñas/Nails,Salon Uñas,Lambaré,"Nazareno 1988, Lambaré 110702, Paraguay",0992 403957,https://wa.me/0992403957,0.95,4.8,47,NO,ATM_BRUXISMO,9,ATM_BRUXISMO
Alteza Nails,Uñas/Nails,Salon Uñas,Asunción,"Manuel del Castillo esquina, Asunción 1102, Paraguay",0994 233552,https://wa.me/0994233552,3.35,4.7,51,YES,ATM_BRUXISMO,9,ATM_BRUXISMO
Club Varsovia,Peluqueria,General,Asunción,"Sgto. José León Gauto, Asunción 001207, Paraguay",0981 333303,https://wa.me/0981333303,3.74,4.8,246,YES,ADJACENT_REFER,9,ADJACENT_GENERAL
Raio Bemba peluquería,Peluqueria,General,Asunción,"Gral. Eugenio Alejandrino Garay y, Asunción 1849, Paraguay",0972 656656,https://wa.me/0972656656,3.8,4.7,744,YES,ADJACENT_REFER,9,ADJACENT_GENERAL
💈Top Paraguay 🏳️‍🌈 Barberia & Peluquería (Exclusivo),Peluqueria,General,Asunción,"Edificio Lider 1, Juan E. O'Leary 625 Esq, Asunción 625, Paraguay",0984 333414,https://wa.me/0984333414,4.64,5.0,337,YES,ADJACENT_REFER,9,ADJACENT_GENERAL
Karai Barbero,Barberia,General,Asunción,"23 De Octubre 292, Asunción 001411, Paraguay",0981 541932,https://wa.me/0981541932,3.59,5.0,220,YES,ADJACENT_REFER,9,ADJACENT_GENERAL
GTC - Luque,Gimnasio/Fitness,General,Luque,"America, Luque 110917, Paraguay",0991 470298,https://wa.me/0991470298,12.46,4.8,114,YES,B2B_GYM_CORP,9,GYM_BOCA_GUARD
Pachamama - Yoga Las Mercedes,Gimnasio/Fitness,Yoga/Pilates,Asunción,"Luis Morales 856 entre, Sgto. José León Gauto y, Asunción 001207, Paraguay",0986 180057,https://wa.me/0986180057,3.61,5.0,2,NO,"ATM_BRUXISMO,MOMS",9,MOMS_HIDROBABY
Brow Bar,Salon de Belleza,General,San Lorenzo,"Avenida Mariscal Lopez y 26 de Febrero, Shopping Pinedo, San Lorenzo 111420, Paraguay",(021) 728 8000,https://wa.me/0217288000,9.17,4.6,190,YES,ESTETICA_DENTAL,9,ESTETICA_SONRISA
Micaela Alvarez - Salón de Belleza,Salon de Belleza,General,San Lorenzo,"Caso, San Lorenzo 111434, Paraguay",0981 368739,https://wa.me/0981368739,8.24,4.7,126,YES,ESTETICA_DENTAL,9,ESTETICA_SONRISA
Stefanie Medina Studio,Salon de Belleza,General,Asunción,"Aparipy, Alto Paraná 1515, Asunción 001423, Paraguay",0991 652999,https://wa.me/0991652999,1.45,5.0,17,YES,"ATM_BRUXISMO,ESTETICA_DENTAL",9,ATM_BRUXISMO
DayLez Spa & Centro de Belleza,Salon de Belleza,Spa,Lambaré,"Av. Bruno Guggiari, Lambaré 110704, Paraguay",0982 461597,https://wa.me/0982461597,1.27,5.0,1,NO,"ATM_BRUXISMO,ESTETICA_DENTAL",9,ATM_BRUXISMO
Guarani Hispanic University,Spa/Wellness,Spa,Asunción,"Av. República Argentina casi, Asunción 3379, Paraguay",(021) 615 951,https://wa.me/59521615951,2.2,4.8,73,YES,ATM_BRUXISMO,9,ATM_BRUXISMO
Nutrimart.,Otros,General,Asunción,"Avda. Perú &, Herrera, Asunción 001220, Paraguay",0986 823080,https://wa.me/0986823080,2.63,4.6,220,YES,ADJACENT_REFER,9,ADJACENT_GENERAL
FISIOSTETIK,Spa/Wellness,General,Campos,"Campos Cervera, e Cruz del Chaco y, Charles De Gaulle 5175, Campos 001412, Paraguay",0981 196291,https://wa.me/0981196291,3.43,4.7,72,YES,ATM_BRUXISMO,9,ATM_BRUXISMO
Isa Coiffure Laboratorio De Rubias,Salon de Belleza,General,Asunción,"Rodolfo Zotti 487 entre, Dr. Emilio Hassler y, Asunción 001413, Paraguay",0982 127134,https://wa.me/0982127134,3.33,4.6,69,YES,ESTETICA_DENTAL,9,ESTETICA_SONRISA
Bellavita- Microblading- Nanoblading- Diseño de cejas - Lifting de pestañas - Henna- uñas esculpidas- peluquería- manicura,Peluqueria,Salon Uñas,Asunción,"Av. Perú 397, Asunción 1409, Paraguay",0971 795000,https://wa.me/0971795000,3.08,4.8,52,YES,ESTETICA_DENTAL,9,ESTETICA_SONRISA
Consultorio Médico y Estético,Spa/Wellness,General,Asunción,"Dr. Carlos Centurion 353 casi, Asunción 001232, Paraguay",0984 434449,https://wa.me/0984434449,1.26,5.0,1,YES,"ATM_BRUXISMO,ESTETICA_DENTAL",9,ATM_BRUXISMO
Marie Carol Beauty & Lifestyle,Salon de Belleza,General,Asunción,"Edificio Atrium, Dr. Francisco Morra y, Asunción 1807, Paraguay",0986 610300,https://wa.me/0986610300,3.94,4.3,66,YES,ESTETICA_DENTAL,9,ESTETICA_SONRISA
Tranquility Spa,Spa/Wellness,Spa,Asunción,"Av. Eusebio Ayala 2279, Asunción 001230, Paraguay",0981 494027,https://wa.me/0981494027,1.22,4.5,45,YES,ATM_BRUXISMO,9,ATM_BRUXISMO
Luis De Leon Concept,Peluqueria,General,Asunción,"Gral. Torreani Viera 341 Esq, Asunción 001412, Paraguay",(021) 604 817,https://wa.me/59521604817,3.38,4.9,144,NO,ADJACENT_REFER,8,ADJACENT_GENERAL
Mimate Spa,Spa/Wellness,Spa,Ñemby,"Gral. Ceferino Vega Gaona 834, Ñemby 111201, Paraguay",0986 253670,https://wa.me/0986253670,7.47,4.9,69,NO,ATM_BRUXISMO,8,ATM_BRUXISMO
Renacer Spa,Spa/Wellness,Spa,Luque,"PGH2+5RR, Luis Alberto de Herrera, Luque 110932, Paraguay",0982 450269,https://wa.me/0982450269,12.19,4.5,163,NO,ATM_BRUXISMO,8,ATM_BRUXISMO
Andessa Beauty Spa,Spa/Wellness,Spa,Asunción,"Moisés Bertoni 2829, Asunción 1234, Paraguay",0972 117210,https://wa.me/0972117210,5.18,5.0,86,NO,ATM_BRUXISMO,8,ATM_BRUXISMO
MAR BER peluqueria,Peluqueria,General,Lambaré,"M94G+V8W, Av. Cacique Lambare, Lambaré 110723, Paraguay",(021) 921 827,https://wa.me/59521921827,3.5,4.5,195,NO,ADJACENT_REFER,8,ADJACENT_GENERAL
Leticia Carballo Makeup & Store,Maquillaje,General,Fernando de la Mora,"Don Bosco &, Del Carmen, Fernando de la Mora 110310, Paraguay",0984 904215,https://wa.me/0984904215,8.12,4.6,206,NO,ADJACENT_REFER,8,ADJACENT_GENERAL
Más Bonita Cosméticos,Otros,General,Fernando de la Mora,"Ruta Mcal. José F. Estigarribia 419, Fernando de la Mora 110308, Paraguay",0983 342707,https://wa.me/0983342707,5.39,4.7,202,NO,ADJACENT_REFER,8,ADJACENT_GENERAL
Marcela SPA,Spa/Wellness,Spa,Fernando de la Mora,"Av. Zavalas Cué & Julia Miranda Cueto, MCFW+G8F, Fernando de la Mora 110322, Paraguay",0981 527713,https://wa.me/0981527713,5.77,4.5,91,NO,ATM_BRUXISMO,8,ATM_BRUXISMO
Maika Spa 1811,Spa/Wellness,Spa,Fernando de la Mora,"Mariscal Estigrarribia y Teniente Ettiene Paseo 1811 Fernando de la Mora, Fernando de la Mora 2300, Paraguay",0971 990976,https://wa.me/0971990976,6.56,4.8,80,NO,ATM_BRUXISMO,8,ATM_BRUXISMO
Peluqueria Galan,Peluqueria,General,Fernando de la Mora,"MC8H+3P7, Fernando de la Mora 110327, Paraguay",(021) 523 407,https://wa.me/59521523407,4.58,4.7,102,NO,ADJACENT_REFER,8,ADJACENT_GENERAL
Guillén Barbershop,Barberia,General,Fernando de la Mora,"11 de Setiembre, Fernando de la Mora 110321, Paraguay",0983 429300,https://wa.me/0983429300,6.19,4.8,301,NO,ADJACENT_REFER,8,ADJACENT_GENERAL
Tony Galeano y Tu SPACIO depi nails,Spa/Wellness,Spa,Villa Elisa,"Colonia Elisa Esq, Villa Elisa 111515, Paraguay",0985 893160,https://wa.me/0985893160,7.76,4.8,66,NO,ATM_BRUXISMO,8,ATM_BRUXISMO
Miss Uñas Spa de Manos y Pies,Spa/Wellness,Spa,San Lorenzo,"JFXP+RRH, Tte Benitez, San Lorenzo 111431, Paraguay",0984 186294,https://wa.me/0984186294,10.57,4.6,119,NO,ATM_BRUXISMO,8,ATM_BRUXISMO
Studio 88,Spa/Wellness,General,San Lorenzo,"Gaspar R De Francia, San Lorenzo 111423, Paraguay",0981 555597,https://wa.me/0981555597,10.7,4.8,180,NO,ATM_BRUXISMO,8,ATM_BRUXISMO
studio 22 body piercing & tattoo,Tatuajes/Piercing,Piercing Studio,Fernando de la Mora,"1 De Mayo 9038, Fernando de la Mora 110315, Paraguay",0983 816627,https://wa.me/0983816627,7.01,4.9,954,NO,ADJACENT_REFER,8,ADJACENT_GENERAL
"Centro De Alto Rendimiento ""Sparta""",Spa/Wellness,Spa,Villa Elisa,"JCWG+34M, Villa Elisa 111503, Paraguay",0984 315183,https://wa.me/0984315183,5.76,4.7,89,NO,ATM_BRUXISMO,8,ATM_BRUXISMO
TAJOS Barberos (Central),Barberia,General,Asunción,"Denis Roa 673, Asunción 1829, Paraguay",0982 473078,https://wa.me/0982473078,5.2,4.9,237,NO,ADJACENT_REFER,8,ADJACENT_GENERAL
Masaje RUSO,Spa/Wellness,General,Asunción,"Eusebio Lillo Robles 2808, Asunción 001407, Paraguay",0991 369971,https://wa.me/0991369971,5.68,5.0,87,NO,ATM_BRUXISMO,8,ATM_BRUXISMO
Centro Médico Corppolive,Otros,General,Asunción,"Santisimo Sacramento 3069, Asunción 001519, Paraguay",0971 568547,https://wa.me/0971568547,7.31,5.0,259,NO,ADJACENT_REFER,8,ADJACENT_GENERAL
Viviesteticpy,Salon de Belleza,General,San Lorenzo,"San Lorenzo 111405, Paraguay",0976 668289,https://wa.me/0976668289,9.52,4.7,61,NO,ESTETICA_DENTAL,8,ESTETICA_SONRISA
DepiPink - Sucursal Fdo. De la Mora,Salon de Belleza,General,Fernando de la Mora,"Ingavi, Fernando de la Mora 110310, Paraguay",0971 715888,https://wa.me/0971715888,8.36,4.8,76,NO,ESTETICA_DENTAL,8,ESTETICA_SONRISA
Spa Nilza Rinaldi,Spa/Wellness,Spa,Asunción,"Federación Rusa, Asunción 001528, Paraguay",(021) 661 488,https://wa.me/59521661488,5.35,4.4,56,NO,ATM_BRUXISMO,8,ATM_BRUXISMO
COMPRA DE TODO MAKEUP&TOOLS,Maquillaje,General,Fernando de la Mora,"Ruta Mariscal José Felix Estigarribia, Fernando de la Mora 110308, Paraguay",0985 600009,https://wa.me/0985600009,5.05,4.4,497,NO,ADJACENT_REFER,8,ADJACENT_GENERAL
Le Dragon Bleu,Otros,General,Asunción,"Prof. Delfin Chamorro 467, Asunción 001015, Paraguay",0981 410318,https://wa.me/0981410318,4.16,4.8,117,NO,ADJACENT_REFER,8,ADJACENT_GENERAL
Jazmin Valdivieso Brow and Lash Studio,Otros,General,Asunción,"R.I. 2 Ytororo 1144, Asunción 001415, Paraguay",0971 527527,https://wa.me/0971527527,3.94,4.5,157,NO,ADJACENT_REFER,8,ADJACENT_GENERAL
Vita Chic,Otros,General,Asunción,"MCW8+FH2, Cruz del Defensor, Asunción 001414, Paraguay",0986 506223,https://wa.me/0986506223,2.88,4.6,179,NO,ADJACENT_REFER,8,ADJACENT_GENERAL
Teju Jagua Tatuajes,Tatuajes/Piercing,General,Asunción,"O'Leary casi, Asunción 001012, Paraguay",0985 857700,https://wa.me/0985857700,4.75,4.7,192,NO,ADJACENT_REFER,8,ADJACENT_GENERAL
Divinas Py,Salon de Belleza,General,Asunción,"Moisés Bertoni 3195 casi, Asunción 001405, Paraguay",0994 810406,https://wa.me/0994810406,5.51,4.4,96,NO,ESTETICA_DENTAL,8,ESTETICA_SONRISA
Peluquería Bellisima,Peluqueria,General,Asunción,"Juan de Salazar y Espinoza 998, Asunción 001209, Paraguay",0981 630011,https://wa.me/0981630011,3.14,4.7,185,YES,ADJACENT_REFER,8,ADJACENT_GENERAL
Salón Masculino Benítez,Peluqueria,General,Lambaré,"Av. San Isidro, 110729, &, Lambaré 110722, Paraguay",0992 888042,https://wa.me/0992888042,4.74,4.7,122,YES,ADJACENT_REFER,8,ADJACENT_GENERAL
Thaya Clínic Spa,Spa/Wellness,Spa,Asunción,"Aca Caraya 519, Asunción 001229, Paraguay",0984 487584,https://wa.me/0984487584,2.09,4.8,31,NO,ATM_BRUXISMO,8,ATM_BRUXISMO
Estudio Medieval tattoo & body piercing,Tatuajes/Piercing,Tattoo Studio,San Lorenzo,"Coronel Feliciano Duarte 315 esquina, San Lorenzo 2160, Paraguay",0961 482854,https://wa.me/0961482854,8.15,4.6,392,YES,ADJACENT_REFER,8,ADJACENT_GENERAL
MACUTO barberia,Barberia,General,Asunción,"Teniente Héctor Vera 1415, Asunción 001411, Paraguay",0986 444489,https://wa.me/0986444489,4.58,4.9,117,YES,ADJACENT_REFER,8,ADJACENT_GENERAL
SHINE Nails & Beauty by Celeste Villalba,Uñas/Nails,Salon Uñas,San Lorenzo,"Luis Morinigo, San Lorenzo 111402, Paraguay",0986 693259,https://wa.me/0986693259,7.91,4.9,287,YES,ADJACENT_REFER,8,ADJACENT_GENERAL
Spa Edén Pinedo,Spa/Wellness,Spa,Fernando de la Mora,"Cnel. Vicente Machuca 293 e, Fernando de la Mora 110311, Paraguay",0994 946299,https://wa.me/0994946299,8.88,4.5,75,YES,ATM_BRUXISMO,8,ATM_BRUXISMO
Flow Wellness Center / DOTERRA DISTRIBUIDOR,Spa/Wellness,General,Asunción,"Luis Morales 856, Asunción 1701, Asunción 1701, Paraguay",0981 879864,https://wa.me/0981879864,3.69,4.8,33,NO,ATM_BRUXISMO,8,ATM_BRUXISMO
Giselle Lahaye Pilates,Gimnasio/Fitness,Yoga/Pilates,Asunción,"Sgto. José León Gauto 394, Asunción 001207, Paraguay",0981 698517,https://wa.me/0981698517,3.75,4.9,38,NO,ATM_BRUXISMO,8,ATM_BRUXISMO
Era Nails Home Spa,Spa/Wellness,Spa,Fernando de la Mora,"Usher Rios Casi, Fernando de la Mora 110330, Paraguay",0984 704144,https://wa.me/0984704144,4.92,4.9,40,NO,ATM_BRUXISMO,8,ATM_BRUXISMO
Noe Coiffure,Salon de Belleza,General,Asunción,"P9FR+74H, Av Gral Máximo Santos, Asunción 001203, Paraguay",0981 831234,https://wa.me/0981831234,4.14,4.8,45,NO,ESTETICA_DENTAL,8,ESTETICA_SONRISA
Andru Nails Spa,Spa/Wellness,Spa,Villa Elisa,"Mcal. Estigarribia, Villa Elisa 111501, Paraguay",0982 619308,https://wa.me/0982619308,4.21,4.1,43,NO,ATM_BRUXISMO,8,ATM_BRUXISMO
UPALALA SPA VILLA ELISA,Spa/Wellness,Spa,Villa Elisa,"Zárate entre, Mcal. Estigarribia y, Villa Elisa 0387, Paraguay",0986 787500,https://wa.me/0986787500,4.15,4.2,34,NO,ATM_BRUXISMO,8,ATM_BRUXISMO
MONCHO (HAIR SALON SPA),Salon de Belleza,Spa,Luque,"PGP4+57C, M. Troche, Luque 110918, Paraguay",0992 344654,https://wa.me/0992344654,12.86,4.9,30,NO,"ATM_BRUXISMO,ESTETICA_DENTAL",8,ATM_BRUXISMO
Belleza Total by Maria Vargas,Salon de Belleza,General,Asunción,"Lillo 2527 entre Cardenal Roig y, Gumersindo Sosa, Asunción 001409, Paraguay",0981 372885,https://wa.me/0981372885,5.29,4.8,64,YES,ESTETICA_DENTAL,8,ESTETICA_SONRISA
Sonia Argüello Studio,Salon de Belleza,General,Asunción,"PC66+GRX, 23 De Octubre, Asunción 001411, Paraguay",0971 890882,https://wa.me/0971890882,3.59,4.8,31,NO,ESTETICA_DENTAL,8,ESTETICA_SONRISA
Gere Rios ESTHETIC,Salon de Belleza,General,Asunción,"Jose Ocampos Lanzoni 823, Asunción 001408, Paraguay",0974 141154,https://wa.me/0974141154,4.77,4.9,43,NO,ESTETICA_DENTAL,8,ESTETICA_SONRISA
Cynchu Cardenas hair salón de belleza,Peluqueria,General,San Lorenzo,"Dr. Gaspar Rodriguez de Francia c/ 10 De Agosto San Lorenzo San Lorenzo, San Lorenzo 2111, Paraguay",0971 742078,https://wa.me/0971742078,11.02,5.0,47,NO,"ATM_BRUXISMO,ESTETICA_DENTAL",8,ATM_BRUXISMO
DepilMIS,Salon de Belleza,General,Lambaré,"M949+VHW, Bernardino Caballero, Lambaré 110725, Paraguay",0981 777354,https://wa.me/0981777354,3.83,4.7,45,NO,ESTETICA_DENTAL,8,ESTETICA_SONRISA
RVG Nails Studio - Fernando de la Mora,Uñas/Nails,Salon Uñas,Fernando de la Mora,"Libertad, Fernando de la Mora 110311, Paraguay",0972 146935,https://wa.me/0972146935,8.02,4.3,59,NO,ATM_BRUXISMO,8,ATM_BRUXISMO
Estética Gloria Benitez,Salon de Belleza,General,Asunción,"Ri 3 Corrales 4195 c, Asunción 1001, Paraguay",0972 459040,https://wa.me/0972459040,3.23,4.5,21,NO,"ATM_BRUXISMO,ESTETICA_DENTAL",8,ATM_BRUXISMO
Beauty Express,Salon de Belleza,General,Asunción,"MCXP+247, Ave. Dr. Guido Boggiani - Ciclovia, Asunción 001416, Paraguay",0992 207690,https://wa.me/0992207690,4.73,4.6,35,NO,ESTETICA_DENTAL,8,ESTETICA_SONRISA
ELECTRIC CIRCUS FAMILY TATTOO,Tatuajes/Piercing,General,Asunción,"Gral. Diaz 464, entre 14 de mayo y, Asunción 1209, Paraguay",0981 909485,https://wa.me/0981909485,4.43,4.8,149,YES,ADJACENT_REFER,8,ADJACENT_GENERAL
Spa Nails,Barberia,Spa,Fernando de la Mora,"Andrés Barbero, &, Fernando de la Mora 110326, Paraguay",0992 571969,https://wa.me/0992571969,4.43,4.5,33,NO,ATM_BRUXISMO,8,ATM_BRUXISMO
Ever Penayo Tattoo Studio,Tatuajes/Piercing,Tattoo Studio,Asunción,"Senador Huey Pierce Long 464, Asunción 001411, Paraguay",0982 285552,https://wa.me/0982285552,4.1,4.9,127,YES,ADJACENT_REFER,8,ADJACENT_GENERAL
Nancy Bogarin Depilaciones,Depilacion,General,Fernando de la Mora,"Tte. Rojas Silva 2846, Fernando de la Mora 110329, Paraguay",0982 252139,https://wa.me/0982252139,4.11,4.9,44,NO,ESTETICA_DENTAL,8,ESTETICA_SONRISA
Kinepraxis Fisioterapia y Estética,Otros,General,Fernando de la Mora,"Tte. Rivarola, Fernando de la Mora 110329, Paraguay",0983 779744,https://wa.me/0983779744,4.49,5.0,20,NO,"ATM_BRUXISMO,ESTETICA_DENTAL",8,ATM_BRUXISMO
Spa Belleza Nely Espinola,Spa/Wellness,Spa,Lambaré,"Lambaré 110726, Paraguay",0981 565036,https://wa.me/0981565036,4.72,4.9,9,NO,"ATM_BRUXISMO,ESTETICA_DENTAL",8,ATM_BRUXISMO
Mayra Neira - Estética Avanzada,Spa/Wellness,General,Lambaré,"Mcal. Estigarribia 120 y, Av. Cacique Lambare, Lambaré 2420, Paraguay",0994 698466,https://wa.me/0994698466,3.7,5.0,6,NO,"ATM_BRUXISMO,ESTETICA_DENTAL",8,ATM_BRUXISMO
Borcelle Spa,Spa/Wellness,Spa,Asunción,"JCPX+8XH, Asunción 0012, Paraguay",0981 044443,https://wa.me/0981044443,2.88,4.8,44,YES,ATM_BRUXISMO,8,ATM_BRUXISMO
"Lizza Depilaciones, Lambaré",Depilacion,General,Lambaré,"Santa Rosa II, Lambaré 110725, Paraguay",0985 644589,https://wa.me/0985644589,3.36,4.9,30,NO,ESTETICA_DENTAL,8,ESTETICA_SONRISA
Andrea Jorgensen Centro de Estetica & Solárium,Estetica/Facial,Centro Estetica,Lambaré,"Río Apa 9006, Lambaré 110719, Paraguay",0986 424778,https://wa.me/0986424778,3.43,4.6,34,NO,ESTETICA_DENTAL,8,ESTETICA_SONRISA
Morena Estetic - Centro de Estetica,Estetica/Facial,Centro Estetica,Lambaré,"Vencedores del Chaco 812, Lambaré 110709, Paraguay",0982 905493,https://wa.me/0982905493,2.39,5.0,21,NO,"ATM_BRUXISMO,ESTETICA_DENTAL",8,ATM_BRUXISMO
Jully Andrade Centro De Belleza,Salon de Belleza,General,Ñemby,"José A. Molas esq, Ñemby 111218, Paraguay",0971 446900,https://wa.me/0971446900,11.29,4.8,30,YES,"ATM_BRUXISMO,ESTETICA_DENTAL",8,ATM_BRUXISMO
Beauty Studio By Tati Martinez,Salon de Belleza,General,Asunción,"San Cosme esquina, Asunción 001205, Paraguay",0971 668569,https://wa.me/0971668569,4.58,4.8,38,YES,ESTETICA_DENTAL,8,ESTETICA_SONRISA
Nails Express by Rossie,Uñas/Nails,Salon Uñas,Asunción,"Julio Correa, &, Asunción 001526, Paraguay",0981 288669,https://wa.me/0981288669,6.62,4.3,71,YES,ATM_BRUXISMO,8,ATM_BRUXISMO
New Eva,Salon de Belleza,General,Asunción,"Melvin Jones 477, Asunción 001529, Paraguay",0981 555761,https://wa.me/0981555761,4.78,4.9,41,YES,ESTETICA_DENTAL,8,ESTETICA_SONRISA
Red cats,Salon de Belleza,General,Asunción,"San Francisco 757, Asunción 001208, Paraguay",0983 365437,https://wa.me/0983365437,3.35,5.0,35,YES,ESTETICA_DENTAL,8,ESTETICA_SONRISA
AF Studio Barber,Barberia,General,Asunción,"Av. Santísima Trinidad 1370, Asunción 001519, Paraguay",0994 879222,https://wa.me/0994879222,6.81,4.9,245,YES,ADJACENT_REFER,8,ADJACENT_GENERAL
Mostacho Barber 💈,Barberia,General,Asunción,"González Belotto, Asunción 2050, Paraguay",0992 335998,https://wa.me/0992335998,9.19,4.9,85,YES,ATM_BRUXISMO,8,ATM_BRUXISMO
Estética Integral Cyntia Jiménez,Spa/Wellness,General,Asunción,"Ulrico Schmidel 276 casi, Asunción 001416, Paraguay",0981 909387,https://wa.me/0981909387,4.02,5.0,2,NO,"ATM_BRUXISMO,ESTETICA_DENTAL",8,ATM_BRUXISMO
Marilyn Spa Boutique,Spa/Wellness,Spa,Mariano Roque Alonso,"QFJC+7J5, Capitán Hermosilla, Mariano Roque Alonso 111019, Paraguay",0982 549071,https://wa.me/0982549071,13.34,5.0,2,NO,"ATM_BRUXISMO,EXPAT_HOTEL",8,ATM_BRUXISMO
SPA Metanoia. Barberia Metanoia,Barberia,Spa,Asunción,"Juan S Bogarin 528, Asunción 001412, Paraguay",0983 308123,https://wa.me/0983308123,3.2,4.7,47,YES,ATM_BRUXISMO,8,ATM_BRUXISMO
Brow Bar,Salon de Belleza,General,Luque,"Av. Gral. Aquino casi, Luque 110932, Paraguay",(021) 728 8000,https://wa.me/0217288000,12.61,4.7,193,YES,ESTETICA_DENTAL,8,ESTETICA_SONRISA
Club Varsovia - Los Laureles,Peluqueria,General,Asunción,"Pancha Garmendia 5859, Asunción 001415, Paraguay",0982 333777,https://wa.me/0982333777,3.55,4.9,146,YES,ADJACENT_REFER,8,ADJACENT_GENERAL
Chemical Center,Otros,General,San Lorenzo,"Av. del Agrónomo, San Lorenzo 111432, Paraguay",(021) 570 211,https://wa.me/59521570211,9.93,4.6,1210,YES,ADJACENT_REFER,8,ADJACENT_GENERAL
Blondas Beauty House - Cosméticos,Otros,General,Asunción,"Av. Aviadores del Chaco N° 2574, Asunción 001401, Paraguay",0984 444900,https://wa.me/0984444900,6.0,5.0,822,YES,ADJACENT_REFER,8,ADJACENT_GENERAL
Leticia Vernazza Pilates,Gimnasio/Fitness,Yoga/Pilates,Lambaré,"Acosta Ñu 365, Lambaré 110720, Paraguay",0985 708902,https://wa.me/0985708902,3.62,4.9,30,YES,ATM_BRUXISMO,8,ATM_BRUXISMO
Cejas & Pestañas Lambare by Amanda Wenceslau,Pestañas/Cejas,General,Lambaré,"Juan bautista rivarola 469, Lambaré 110715, Paraguay",0994 565577,https://wa.me/0994565577,3.79,5.0,38,YES,ATM_BRUXISMO,8,ATM_BRUXISMO
Centro de Estetica y Belleza Norma,Estetica/Facial,Centro Estetica,Lambaré,"M98X+2M7, Lambaré 110709, Paraguay",0981 479760,https://wa.me/0981479760,2.51,4.9,30,YES,ESTETICA_DENTAL,8,ESTETICA_SONRISA
Esteban Tatto & Body Piercing,Tatuajes/Piercing,Piercing Studio,Asunción,"Belgica 866 e/ Lillo y Teniente Ver, Asunción 001409, Paraguay",0981 556506,https://wa.me/0981556506,5.01,4.7,620,YES,ADJACENT_REFER,8,ADJACENT_GENERAL
AMÁN Spa & Body Care,Spa/Wellness,Spa,Asunción,"Bruselas, Asunción 001410, Paraguay",0982 157000,https://wa.me/0982157000,5.49,4.5,52,YES,ATM_BRUXISMO,8,ATM_BRUXISMO
ADRI ROLON STUDIO,Salon de Belleza,General,Asunción,"Doctor Luís Enrique Migone, Asunción 001529, Paraguay",0983 139599,https://wa.me/0983139599,5.25,4.8,99,YES,ESTETICA_DENTAL,8,ESTETICA_SONRISA
Adela Centro de Belleza Integral,Salon de Belleza,General,Asunción,"Ygatimi 1117 casi Hernandarias Asunción, Av. Ygatimi 1111, Asunción 1134, Paraguay",(021) 421 947,https://wa.me/59521421947,4.99,4.8,8,YES,"ATM_BRUXISMO,ESTETICA_DENTAL",8,ATM_BRUXISMO
Velours Clínica Medicina Estética,Salon de Belleza,General,Fernando de la Mora,"Av. Mariscal López 1531, Fernando de la Mora 110311, Paraguay",0991 855939,https://wa.me/0991855939,7.96,4.9,79,YES,ESTETICA_DENTAL,8,ESTETICA_SONRISA
Clinical Hospital of San Lorenzo,Otros,General,San Lorenzo,"111421, Av. Mariscal López, San Lorenzo 111421, Paraguay",(021) 585 730,https://wa.me/59521585730,8.83,4.0,286,YES,ADJACENT_REFER,8,ADJACENT_GENERAL
COCO Beauty Center,Salon de Belleza,General,Asunción,"Herminio Maldonado 859 c Entre, Eusebio Lillo Robles, Asunción 1829, Paraguay",0991 802076,https://wa.me/0991802076,5.11,4.8,69,YES,ESTETICA_DENTAL,8,ESTETICA_SONRISA
Salon Market - Casa Central,Salon de Belleza,General,Asunción,"Dr. Molas López esquina, Asunción 1521, Paraguay",0982 446044,https://wa.me/0982446044,6.04,4.5,89,YES,ESTETICA_DENTAL,8,ESTETICA_SONRISA
Doña Bonita. Especialistas en cejas - Depilación con hilos - Maquillaje semipermanente P.M.U,Maquillaje,General,Asunción,"Pancha Garmendia 6435 casi, Asunción 001415, Paraguay",0984 214208,https://wa.me/0984214208,4.19,4.8,194,YES,ADJACENT_REFER,8,ADJACENT_GENERAL
Bar de Cejas,Pestañas/Cejas,General,Asunción,"Alberdi casi, Asunción 1209, Paraguay",(021) 728 8000,https://wa.me/0217288000,4.43,4.7,181,YES,ADJACENT_REFER,8,ADJACENT_GENERAL
Bar de Cejas,Pestañas/Cejas,General,Lambare,"Paseo Cerro Alto, Av. Cacique Lambare y, Lambare 2420, Paraguay",(021) 728 8000,https://wa.me/0217288000,3.16,4.7,155,YES,ADJACENT_REFER,8,ADJACENT_GENERAL
Estética Romi Montiel,Spa/Wellness,General,Fernando de la Mora,"Herminio Giménez, Fernando de la Mora 110329, Paraguay",0972 992581,https://wa.me/0972992581,4.3,5.0,1,YES,"ATM_BRUXISMO,ESTETICA_DENTAL",8,ATM_BRUXISMO
Arte Dental Lambare,Otros,General,Lambaré,"arte dental, Lambaré 110728, Paraguay",0983 021454,https://wa.me/0983021454,4.57,5.0,1,NO,DIRECT_DENTAL,8,DENTAL_COLLEAGUE
Gabinete Estetico Ctra. Leticia Escobar,Spa/Wellness,General,Lambaré,"Petereby, Lambaré 110705, Paraguay",0986 827372,https://wa.me/0986827372,2.11,5.0,2,YES,"ATM_BRUXISMO,ESTETICA_DENTAL",8,ATM_BRUXISMO
Distribuidora La Policlinica S.A.,Otros,General,Asunción,"Ttte. Rojas Silva 1044 e, Tte. Fariña y, Asunción 001221, Paraguay",(021) 248 0000,https://wa.me/0212480000,2.78,4.3,171,YES,ADJACENT_REFER,8,ADJACENT_GENERAL
Lujan Cosméticos,Estetica/Facial,General,Luque,"Lujan cosmeticos, Javier Bogarin, Luque 110930, Paraguay",0986 101523,https://wa.me/0986101523,13.04,4.2,165,YES,ESTETICA_DENTAL,8,ESTETICA_SONRISA
Biolaser Medicina Estética,Depilacion,Depilacion Laser,Asunción,"San Rafael 698 esquina, Ntra. Sra. del Carmen 698, Asunción 001529, Paraguay",0983 118888,https://wa.me/0983118888,5.08,4.9,88,YES,ESTETICA_DENTAL,8,ESTETICA_SONRISA
Paola Casco-Peluqueria,Peluqueria,General,Lambaré,"15 de Agosto 235 Campo Via y, Lambaré 110725, Paraguay",0971 318442,https://wa.me/0971318442,4.05,4.9,39,YES,ESTETICA_DENTAL,8,ESTETICA_SONRISA
LAS CARIÑOSAS ASUNCIÓN ORIGINAL,Spa/Wellness,General,Asunción,"Piribebuy 239, Asunción 001101, Paraguay",0984 400228,https://wa.me/0984400228,4.1,4.2,37,YES,ATM_BRUXISMO,8,ATM_BRUXISMO
Leila Acosta Cosmetología,Estetica/Facial,General,Villa Elisa,"Mcal. Estigarribia, Villa Elisa 111501, Paraguay",0984 542885,https://wa.me/0984542885,4.13,5.0,1,YES,"ATM_BRUXISMO,ESTETICA_DENTAL",8,ATM_BRUXISMO
AS Estética de Resultados,Otros,General,Asunción,"Gral. José María Bruguéz 353, Asunción 001225, Paraguay",0972 122099,https://wa.me/0972122099,2.35,4.6,32,YES,ESTETICA_DENTAL,8,ESTETICA_SONRISA
Peluquería MMical,Peluqueria,General,Asunción,"Prócer Juan Manuel Iturbe 106, Asunción 001526, Paraguay",(021) 606 360,https://wa.me/59521606360,6.7,4.7,177,NO,ADJACENT_REFER,7,ADJACENT_GENERAL
Portas barber shop,Barberia,Barberia Moderna,Fernando de la Mora,"Av. Santa Teresa, Fernando de la Mora 110301, Paraguay",0994 215627,https://wa.me/0994215627,6.76,4.9,162,NO,ADJACENT_REFER,7,ADJACENT_GENERAL
Barber club py,Barberia,General,Lambaré,"Panambi Vera 3321, Lambaré 2420, Paraguay",0971 888665,https://wa.me/0971888665,5.07,4.9,137,NO,ADJACENT_REFER,7,ADJACENT_GENERAL
BODY PRO GYM,Gimnasio/Fitness,Gimnasio,Lambaré,"Río carapan, Lambaré 1123, Paraguay",0992 391607,https://wa.me/0992391607,3.52,4.6,55,NO,ADJACENT_REFER,7,ADJACENT_GENERAL
Aerofisic,Gimnasio/Fitness,General,Asunción,"PC5C+FC2, Del Maestro, Asunción 001411, Paraguay",0984 392700,https://wa.me/0984392700,4.01,4.6,74,NO,ADJACENT_REFER,7,ADJACENT_GENERAL
Sonia Gonzalez Peinados y Maquillajes,Spa/Wellness,General,San Lorenzo,"MF3V+FR9, Gaspar R. De Francia, San Lorenzo 111423, Paraguay",0983 540712,https://wa.me/0983540712,11.11,4.8,59,NO,ATM_BRUXISMO,7,ATM_BRUXISMO
Spacio Vital Spa,Spa/Wellness,Spa,San Lorenzo,"MF2Q+P67, San Lorenzo 111430, Paraguay",0984 466327,https://wa.me/0984466327,10.56,4.6,55,NO,ATM_BRUXISMO,7,ATM_BRUXISMO
Nde Barba,Peluqueria,General,Fernando de la Mora,"entre Libertad, Nicasio Villalba y, Fernando de la Mora 110311, Paraguay",0991 444268,https://wa.me/0991444268,8.03,4.8,118,NO,ADJACENT_REFER,7,ADJACENT_GENERAL
Gtc Mcal CrossFit,Gimnasio/Fitness,CrossFit,Asunción,"Tte. Jara Troche, Asunción 001208, Paraguay",0971 666944,https://wa.me/0971666944,2.58,4.8,66,NO,ADJACENT_REFER,7,ADJACENT_GENERAL
Muscle house gymspa,Spa/Wellness,Spa,Ñemby,"JF36+85P, Primer Presidente, Ñemby 111216, Paraguay",0981 641748,https://wa.me/0981641748,11.6,4.5,52,NO,ATM_BRUXISMO,7,ATM_BRUXISMO
Lili Spa,Spa/Wellness,Spa,Ñemby,"JC2V+GV9, Ñemby 111212, Paraguay",0971 170537,https://wa.me/0971170537,10.91,4.8,52,NO,ATM_BRUXISMO,7,ATM_BRUXISMO
Power Fit gym,Gimnasio/Fitness,Gimnasio,Lambaré,"Aquidaban 1610 esq, Lambaré 3344, Paraguay",0981 509987,https://wa.me/0981509987,4.16,5.0,52,NO,ADJACENT_REFER,7,ADJACENT_GENERAL
RM Fitness Center,Gimnasio/Fitness,Gimnasio,Lambaré,"Néstor Romero Valdovinos e/, Lambaré 110723, Paraguay",0981 951710,https://wa.me/0981951710,4.35,4.8,75,NO,ADJACENT_REFER,7,ADJACENT_GENERAL
Premier Fitness Club Lambaré,Gimnasio/Fitness,General,Lambaré,"Av. Luis María Argaña 569, Lambaré 110705, Paraguay",0991 402891,https://wa.me/0991402891,2.87,4.5,91,NO,ADJACENT_REFER,7,ADJACENT_GENERAL
"Cristia Ayala CEJAS,SPA DE MANOS Y PIES. MAKEUP",Spa/Wellness,Spa,Luque,"Javier Bogarin 515, Luque 110930, Paraguay",0994 606070,https://wa.me/0994606070,12.8,4.7,54,NO,ATM_BRUXISMO,7,ATM_BRUXISMO
TAJOS Barberos (Superseis),Barberia,General,Asunción,"Denis Roa 1121, Asunción 001409, Paraguay",0982 473078,https://wa.me/0982473078,5.56,4.8,132,NO,ADJACENT_REFER,7,ADJACENT_GENERAL
Invictus hair studio Barber shop,Peluqueria,Barberia Moderna,Asunción,"Juan S Bogarin, Asunción 001413, Paraguay",0994 348269,https://wa.me/0994348269,3.04,4.9,52,NO,ADJACENT_REFER,7,ADJACENT_GENERAL
Sport Gym - Paseo Lambaré Shopping,Gimnasio/Fitness,Gimnasio,Lambaré,"M98P+3MH, Lambaré 110706, Paraguay",0994 708584,https://wa.me/0994708584,2.34,4.1,58,NO,ADJACENT_REFER,7,ADJACENT_GENERAL
Paseo La Catedral,Otros,General,San Lorenzo,"MF5R+P95, Coronel Bogado, San Lorenzo 111423, Paraguay",0982 450834,https://wa.me/0982450834,10.58,4.4,1349,NO,ADJACENT_REFER,7,ADJACENT_GENERAL
Guzmán estilista,Peluqueria,General,Asunción,"Roma, Asunción 001102, Paraguay",0982 543965,https://wa.me/0982543965,3.91,5.0,51,NO,ADJACENT_REFER,7,ADJACENT_GENERAL
Peluquería Kabell,Peluqueria,General,Fernando de la Mora,"San Blas, &, Fernando de la Mora 110329, Paraguay",0982 247411,https://wa.me/0982247411,4.36,4.9,56,NO,ADJACENT_REFER,7,ADJACENT_GENERAL
Romi Valinotti Beauty Center,Salon de Belleza,General,San Lorenzo,"MF3W+GFM, Tte Benitez, San Lorenzo 111423, Paraguay",0983 442610,https://wa.me/0983442610,11.25,4.7,84,NO,ESTETICA_DENTAL,7,ESTETICA_SONRISA
Méndez Estilista Salón Masculino,Peluqueria,General,Lambaré,"Av. Médicos del Chaco 1560, Lambaré 110706, Paraguay",0976 121883,https://wa.me/0976121883,2.31,4.7,92,NO,ADJACENT_REFER,7,ADJACENT_GENERAL
Graciela Coiffure Unisex,Peluqueria,General,Iturbe,"Blas Garay 258, Iturbe 001102, Paraguay",0981 986559,https://wa.me/0981986559,3.72,4.8,71,NO,ADJACENT_REFER,7,ADJACENT_GENERAL
Yamila Suely Belleza Integral,Salon de Belleza,General,Ñemby,"Valentin Correa, Ñemby 111212, Paraguay",0982 382084,https://wa.me/0982382084,10.51,4.9,53,NO,ESTETICA_DENTAL,7,ESTETICA_SONRISA
MELA Hair Salon - Barbería,Salon de Belleza,General,Luque,"14 De Mayo, Luque 110932, Paraguay",0982 264479,https://wa.me/0982264479,12.58,4.5,61,NO,ESTETICA_DENTAL,7,ESTETICA_SONRISA
Nicel’s Esencia de Belleza,Salon de Belleza,General,Ñemby,"Ytororo, Ñemby 111214, Paraguay",0981 219007,https://wa.me/0981219007,11.21,4.8,55,NO,ESTETICA_DENTAL,7,ESTETICA_SONRISA
Peluqueria Ina Arias,Peluqueria,General,Asunción,"Av. Estados Unidos 646 Casi, Asunción 001218, Paraguay",0982 233523,https://wa.me/0982233523,3.28,4.7,81,NO,ADJACENT_REFER,7,ADJACENT_GENERAL
Jessica Maia Curls,Peluqueria,General,Asunción,"Virgilio Mola y, Asunción 001535, Paraguay",0983 158945,https://wa.me/0983158945,3.79,4.8,83,NO,ADJACENT_REFER,7,ADJACENT_GENERAL
MALE Barber Shop & Drink,Barberia,Barberia Moderna,Luque,"Dr. José Gaspar Rodríguez de Francia, Luque 110932, Paraguay",0983 819419,https://wa.me/0983819419,12.78,4.6,53,NO,ATM_BRUXISMO,7,ATM_BRUXISMO
The Barber JZ,Barberia,General,Lambare,"J9VX+5XR, Francisco Dupuis, Lambare 110731, Paraguay",0961 766745,https://wa.me/0961766745,4.88,4.9,54,NO,ADJACENT_REFER,7,ADJACENT_GENERAL
MARTIN'S BARBER SHOP💈,Barberia,Barberia Moderna,Lambaré,"San Isidro, Lambaré 110730, Paraguay",0984 989509,https://wa.me/0984989509,4.67,4.9,68,NO,ADJACENT_REFER,7,ADJACENT_GENERAL
Isidro Estilista,Otros,General,Fernando de la Mora,"MFV5+PRF, Guyra Campana, Fernando de la Mora 110304, Paraguay",0982 693832,https://wa.me/0982693832,7.05,4.8,106,NO,ADJACENT_REFER,7,ADJACENT_GENERAL
ATR Barber Shop,Barberia,Barberia Moderna,Lambaré,"M94P+CFC, cacique, Lambaré 110721, Paraguay",0984 649843,https://wa.me/0984649843,3.35,4.6,53,NO,ADJACENT_REFER,7,ADJACENT_GENERAL
29 Barber Shop by Hugo Sosa,Barberia,Barberia Moderna,Villa Elisa,"3 de Mayo, Villa Elisa 111504, Paraguay",0983 260984,https://wa.me/0983260984,4.66,4.9,62,NO,ADJACENT_REFER,7,ADJACENT_GENERAL
HENRY & LEO Unisex,Peluqueria,General,Fernando de la Mora,"Usher Ríos, Fernando de la Mora 110308, Paraguay",(021) 514 805,https://wa.me/59521514805,5.66,4.6,191,YES,ADJACENT_REFER,7,ADJACENT_GENERAL
Fígaro Barbería Sucursal 3,Barberia,General,Luque,"Gral. Bernardino Caballero 92, Luque 2060, Paraguay",0991 900820,https://wa.me/0991900820,12.67,4.4,225,YES,ADJACENT_REFER,7,ADJACENT_GENERAL
Essence Spa- Estètica Integral,Spa/Wellness,Spa,Fernando de la Mora,"Nicasio Villalba c, Waldino Lovera, Fernando de la Mora 110311, Paraguay",0982 235754,https://wa.me/0982235754,8.04,4.6,30,NO,ATM_BRUXISMO,7,ATM_BRUXISMO
Hygge,Spa/Wellness,General,Asunción,"Moisés Bertoni 2839 casi, Asunción 001407, Paraguay",0992 425597,https://wa.me/0992425597,5.19,4.8,32,NO,ATM_BRUXISMO,7,ATM_BRUXISMO
Ashtanga Yoga Paraguay (Hari Gopal Yoga),Gimnasio/Fitness,Yoga/Pilates,Asunción,"Caracas 506, Asunción 001519, Paraguay",0971 347938,https://wa.me/0971347938,6.97,5.0,46,NO,ATM_BRUXISMO,7,ATM_BRUXISMO
Itto Tattoo & Body Piercing,Tatuajes/Piercing,Tattoo Studio,Asunción,"Av. Juan Domingo Perón 3285, Asunción 001304, Paraguay",0961 940826,https://wa.me/0961940826,3.72,4.9,81,NO,ADJACENT_REFER,7,ADJACENT_GENERAL
MaraikuaaseTattoo,Tatuajes/Piercing,General,Asunción,"Fulgencio R. Moreno 387, Asunción 001101, Paraguay",0994 982961,https://wa.me/0994982961,3.82,4.9,57,NO,ADJACENT_REFER,7,ADJACENT_GENERAL
BISA Belleza Integral y Salud,Spa/Wellness,General,Villa Elisa,"JCP4+H53, 24 de Junio, Villa Elisa 111505, Paraguay",0982 303060,https://wa.me/0982303060,5.73,4.9,21,NO,"ATM_BRUXISMO,ESTETICA_DENTAL",7,ATM_BRUXISMO
Mega Cosméticos San Lorenzo,Otros,General,San Lorenzo,"Ruta Mcal Estigarribia entre Ruta 1 y Saturio Rios, PY02, San Lorenzo 111423, Paraguay",(021) 591 298,https://wa.me/59521591298,11.14,4.6,2440,YES,ADJACENT_REFER,7,ADJACENT_GENERAL
Bellcos Paraguay S.A,Otros,General,Asunción,"Av. Perú 140, Asunción 001209, Paraguay",(021) 200 055,https://wa.me/59521200055,2.88,4.7,63,NO,ADJACENT_REFER,7,ADJACENT_GENERAL
SAGA GYM,Gimnasio/Fitness,Gimnasio,Asunción,"Augusto Roa Bastos 441, Asunción 001530, Paraguay",0981 704604,https://wa.me/0981704604,4.58,4.7,92,YES,ADJACENT_REFER,7,ADJACENT_GENERAL
Figaro Barberia Casa Central,Barberia,General,Luque,"PFCJ+MGC, C. Leonismo Luqueño, Luque 110946, Paraguay",0992 259000,https://wa.me/0992259000,10.0,4.5,134,YES,ADJACENT_REFER,7,ADJACENT_GENERAL
ADE Nails Spa,Spa/Wellness,Spa,San Lorenzo,"Manuel Ortiz Guerrero 286 entre Sargento Silva y General Caballero San Lorenzo PY, San Lorenzo 2160, Paraguay",0981 876430,https://wa.me/0981876430,10.94,4.6,69,YES,ATM_BRUXISMO,7,ATM_BRUXISMO
Venebarbershop,Barberia,General,Asunción,"Fernando de la Mora sur, Asunción 2300, Paraguay",0983 413941,https://wa.me/0983413941,7.05,5.0,184,YES,ADJACENT_REFER,7,ADJACENT_GENERAL
Adriana,Otros,General,Asunción,"Dr. Eduardo López Moreira 4780, Asunción 001413, Paraguay",0986 747555,https://wa.me/0986747555,2.84,4.9,91,NO,ADJACENT_REFER,7,ADJACENT_GENERAL
Addara spa,Spa/Wellness,Spa,Asunción,"Guarambare y tenientes solis 4155 1982, Asunción 1982, Paraguay",0984 917183,https://wa.me/0984917183,1.03,4.6,29,NO,ATM_BRUXISMO,7,ATM_BRUXISMO
"Aura Studium Pilates, Yoga & Baile",Gimnasio/Fitness,Yoga/Pilates,Fernando de la Mora,"1 de Mayo casi Ayolas Fernando de la Mora, Fernando de la Mora 2300, Paraguay",0971 856540,https://wa.me/0971856540,7.02,4.9,36,NO,ATM_BRUXISMO,7,ATM_BRUXISMO
Fabiana Oneto PILATES & CIA.,Gimnasio/Fitness,Yoga/Pilates,Asunción,"Orihuela y, Asunción 001001, Paraguay",0981 418817,https://wa.me/0981418817,6.15,4.7,45,NO,ATM_BRUXISMO,7,ATM_BRUXISMO
Ciria Depilaciones Suc.Luque,Depilacion,General,Luque,"Cnel. Oviedo, Luque 110933, Paraguay",0981 122359,https://wa.me/0981122359,11.92,4.8,53,NO,ESTETICA_DENTAL,7,ESTETICA_SONRISA
Seda Cosmetica Luque,Estetica/Facial,General,Luque,"C. Coronel Martínez esq, Luque 110930, Paraguay",0976 971214,https://wa.me/0976971214,13.19,4.5,80,NO,ESTETICA_DENTAL,7,ESTETICA_SONRISA
Manos Lindas Spa,Spa/Wellness,Spa,Asunción,"Pascual Ramon Casco, Asunción 001508, Paraguay",0991 648111,https://wa.me/0991648111,10.55,4.7,55,YES,ATM_BRUXISMO,7,ATM_BRUXISMO
SB Pilates & Wellness,Spa/Wellness,Yoga/Pilates,Asunción,"Juan Max Boettner 1216, Asunción 001527, Paraguay",0985 444544,https://wa.me/0985444544,5.95,4.7,37,NO,ATM_BRUXISMO,7,ATM_BRUXISMO
Obsession Nails & Beauty,Uñas/Nails,Salon Uñas,Asunción,"Av. Brasilia 1155, Asunción 001205, Paraguay",0981 770330,https://wa.me/0981770330,4.2,4.2,84,NO,ADJACENT_REFER,7,ADJACENT_GENERAL
Marcos Coiffure,Peluqueria,General,Asunción,"Av. Ita Ybate, Asunción 1537, Paraguay",0992 414209,https://wa.me/0992414209,2.73,4.6,68,YES,ADJACENT_REFER,7,ADJACENT_GENERAL
Seda Cosmetica,Estetica/Facial,General,Ñemby,"Acceso Sur, Ñemby 111214, Paraguay",(021) 951 762,https://wa.me/59521951762,11.05,4.1,60,NO,ESTETICA_DENTAL,7,ESTETICA_SONRISA
Eco Cosméticos Lambarè,Otros,General,Lambaré,"Av. República Argentina casi, Lambaré 110708, Paraguay",0971 344777,https://wa.me/0971344777,2.32,4.2,96,NO,ADJACENT_REFER,7,ADJACENT_GENERAL
Chick Cosmeticos,Estetica/Facial,Perfumeria,Luque,"PGJ6+V2P, Luque 110921, Paraguay",0981 862316,https://wa.me/0981862316,13.12,4.4,66,NO,ESTETICA_DENTAL,7,ESTETICA_SONRISA
Narovi Spa,Spa/Wellness,Spa,Asunción,"Teniente Primero Angel Velazco, Asunción 001402, Paraguay",0986 254164,https://wa.me/0986254164,6.55,4.4,35,NO,ATM_BRUXISMO,7,ATM_BRUXISMO
AVA Salón,Salon de Belleza,General,San Lorenzo,"Azara 1092 e, San Lorenzo 111424, Paraguay",0984 318825,https://wa.me/0984318825,11.07,4.6,61,YES,ESTETICA_DENTAL,7,ESTETICA_SONRISA
MUA BEAUTY STUDIO,Salon de Belleza,General,San Lorenzo,"JFXG+QPR, San Lorenzo 111433, Paraguay",0984 781144,https://wa.me/0984781144,9.62,4.8,46,NO,ESTETICA_DENTAL,7,ESTETICA_SONRISA
PINKIE TATTOO STUDIO,Tatuajes/Piercing,Tattoo Studio,Lambaré,"Francisco Cusmanich, Lambaré 110733, Paraguay",0983 467655,https://wa.me/0983467655,5.43,5.0,123,YES,ADJACENT_REFER,7,ADJACENT_GENERAL
MG Group & Ritual Spa and Beauty,Spa/Wellness,Spa,Asunción,"001001, Asunción 001228, Paraguay",0994 392775,https://wa.me/0994392775,1.63,5.0,15,NO,ATM_BRUXISMO,7,ATM_BRUXISMO
Orabella,Peluqueria,General,Asunción,"MacArthur casi, Dr. Toribio Pacheco, Asunción 001413, Paraguay",0971 927979,https://wa.me/0971927979,2.85,3.6,68,NO,ADJACENT_REFER,7,ADJACENT_GENERAL
Alexander Barber y Studio,Barberia,General,ydoyaga,"Ytororo esquina, ydoyaga 110249, Paraguay",0985 509133,https://wa.me/0985509133,11.73,4.6,314,YES,ADJACENT_REFER,7,ADJACENT_GENERAL
Salón 1811 Hair & Spa,Peluqueria,Spa,Fernando de la Mora,"2300, Fernando de la Mora 110309, Paraguay",0985 788902,https://wa.me/0985788902,6.5,4.4,47,NO,ATM_BRUXISMO,7,ATM_BRUXISMO
Osmio,Salon de Belleza,General,Ñemby,"JF43+FMG, Ñemby 111214, Paraguay",(021) 961 796,https://wa.me/59521961796,10.97,4.2,55,YES,ESTETICA_DENTAL,7,ESTETICA_SONRISA
Skin Solutions,Salon de Belleza,General,Asunción,"Dr. Teodoro Rojas 635 Casi, Asunción 1147, Paraguay",0985 460765,https://wa.me/0985460765,7.24,4.8,16,NO,"ATM_BRUXISMO,ESTETICA_DENTAL",7,ATM_BRUXISMO
Majo Roman Beauty Salon,Salon de Belleza,General,Lambaré,"San Rafael &, P.º del Solar, Lambaré 110702, Paraguay",0992 475592,https://wa.me/0992475592,1.23,5.0,10,NO,ESTETICA_DENTAL,7,ESTETICA_SONRISA
Bonita Express Salón de Belleza,Peluqueria,General,Asunción,"Teniente, Tte. 1ro. Julián A. Riquelme casi, Asunción 1312, Paraguay",0982 620611,https://wa.me/0982620611,1.0,5.0,10,NO,ESTETICA_DENTAL,7,ESTETICA_SONRISA
Spa Sandalo,Spa/Wellness,Spa,Lambaré,"San Juan Maria Vianney 1378, Lambaré 110701, Paraguay",0983 958575,https://wa.me/0983958575,0.54,4.4,17,NO,ATM_BRUXISMO,7,ATM_BRUXISMO
Depilaciones Angela,Uñas/Nails,General,San Lorenzo,"JFM6+MG8, San Lorenzo 111443, Paraguay",0991 836654,https://wa.me/0991836654,9.2,4.9,27,NO,"ATM_BRUXISMO,ESTETICA_DENTAL",7,ATM_BRUXISMO
Giselle Lahaye Pilates Sucursal Fdo,Uñas/Nails,Yoga/Pilates,Fernando de la Mora,"Angel Torres, Fernando de la Mora 0237, Paraguay",0981 698517,https://wa.me/0981698517,5.97,5.0,39,NO,ATM_BRUXISMO,7,ATM_BRUXISMO
Pilates Alma Activa,Gimnasio/Fitness,Yoga/Pilates,Fernando de la Mora,"Palma 1453, Fernando de la Mora 110319, Paraguay",0994 970666,https://wa.me/0994970666,5.99,5.0,31,YES,ATM_BRUXISMO,7,ATM_BRUXISMO
Magnolia pink,Otros,General,Asunción,"Roma 231 Entre Chile Y Nuestra Señora De La Asuncion, Asunción 1261, Paraguay",0984 151540,https://wa.me/0984151540,3.96,4.5,61,YES,ADJACENT_REFER,7,ADJACENT_GENERAL
Addict Ink,Otros,General,Asunción,"Parapiti 1158 casi Rodriguez de Francia, Asunción 001219, Paraguay",0972 666600,https://wa.me/0972666600,3.17,4.8,53,YES,ADJACENT_REFER,7,ADJACENT_GENERAL
The owl gallery tattoos,Tatuajes/Piercing,General,Asunción,"25 de Mayo, Asunción 001224, Paraguay",0981 535727,https://wa.me/0981535727,2.48,5.0,75,YES,ADJACENT_REFER,7,ADJACENT_GENERAL
Balvi depilaciones,Depilacion,General,Asunción,"PCGP+GFG, Dr. Gerónimo Zubizarreta, Asunción 001526, Paraguay",(021) 662 870,https://wa.me/59521662870,6.46,4.6,44,NO,ESTETICA_DENTAL,7,ESTETICA_SONRISA
Asisbela Centro de Estética,Spa/Wellness,General,Fernando de la Mora,"11 de, Fernando de la Mora 110315, Paraguay",0984 129036,https://wa.me/0984129036,6.51,5.0,5,NO,"ATM_BRUXISMO,ESTETICA_DENTAL",7,ATM_BRUXISMO
Cindy Cantero Beauty-Estetic-Makeup,Maquillaje,General,San Lorenzo,"Rafael Materi casi, San Lorenzo 111436, Paraguay",0981 309679,https://wa.me/0981309679,7.76,4.6,29,NO,"ATM_BRUXISMO,ESTETICA_DENTAL",7,ATM_BRUXISMO
Inhala Pilates Studio,Gimnasio/Fitness,Yoga/Pilates,Asunción,"Carmen Soler, Asunción 1229, Paraguay",0971 506199,https://wa.me/0971506199,1.97,4.5,8,NO,ATM_BRUXISMO,7,ATM_BRUXISMO
Clau Bellino Estética Facial,Estetica/Facial,General,Fernando de la Mora,"Mompox 1739, Fernando de la Mora 110312, Paraguay",0981 924858,https://wa.me/0981924858,7.09,5.0,21,NO,"ATM_BRUXISMO,ESTETICA_DENTAL",7,ATM_BRUXISMO
Emek pilates,Gimnasio/Fitness,Yoga/Pilates,Lambaré,"Chivato 459 entre, Juana De Lara y, Lambaré 001306, Paraguay",0982 355787,https://wa.me/0982355787,5.02,4.6,30,YES,ATM_BRUXISMO,7,ATM_BRUXISMO
Dermo belleza,Peluqueria,General,Villa Elisa,"Av. Enrique Von Poleski, Villa Elisa 111517, Paraguay",0981 729199,https://wa.me/0981729199,8.93,4.6,7,NO,"ATM_BRUXISMO,ESTETICA_DENTAL",7,ATM_BRUXISMO
Cuidado estetico 1991,Salon de Belleza,General,Lambaré,"Av. Augusto Roa Bastos, Lambaré 110703, Paraguay",0983 328465,https://wa.me/0983328465,1.9,4.5,26,YES,ESTETICA_DENTAL,7,ESTETICA_SONRISA
DAB Estética Integral,Salon de Belleza,General,Asunción,"Teniente Ramón Zabala 343 casi Capitán Elias Ayala, Asunción 001526, Paraguay",0981 531909,https://wa.me/0981531909,6.56,4.9,26,YES,"ATM_BRUXISMO,ESTETICA_DENTAL",7,ATM_BRUXISMO
Lu Almada Nails,Uñas/Nails,Salon Uñas,Asunción,"Gral. Torreani Viera esq, Asunción 1412, Paraguay",0984 972849,https://wa.me/0984972849,3.2,4.4,79,YES,ADJACENT_REFER,7,ADJACENT_GENERAL
LUAN · Centro de Belleza,Salon de Belleza,General,Asunción,"Cecilio da Silva Lovera, Asunción 001527, Paraguay",0981 825205,https://wa.me/0981825205,5.95,4.7,40,YES,ESTETICA_DENTAL,7,ESTETICA_SONRISA
Wanda Joyas,Otros,General,Asunción,"Av. Cacique Lambare casi, Asunción 110715, Paraguay",0981 681111,https://wa.me/0981681111,3.41,4.4,86,YES,ADJACENT_REFER,7,ADJACENT_GENERAL
Dermalaser,Depilacion,Depilacion Laser,Asunción,"Vasconcellos 1345, Asunción 001410, Paraguay",0981 906090,https://wa.me/0981906090,5.24,4.0,36,NO,ESTETICA_DENTAL,7,ESTETICA_SONRISA
Salón de belleza Marce,Salon de Belleza,General,Fernando de la Mora,"Curupayty 1988, Fernando de la Mora 110313, Paraguay",0981 515168,https://wa.me/0981515168,7.26,4.8,40,YES,ESTETICA_DENTAL,7,ESTETICA_SONRISA
EM - CONSULTORIO INTEGRAL & BABY SPA,Spa/Wellness,Spa,Mariano Roque Alonso,"Nanawa casi, Mariano Roque Alonso 111010, Paraguay",0992 226659,https://wa.me/0992226659,13.44,5.0,1,NO,"ATM_BRUXISMO,MOMS",7,MOMS_HIDROBABY
Casa,Spa/Wellness,General,Mariano Roque Alonso,"Parapiti esquina Venancio, Ruiz Diaz, Mariano Roque Alonso 111012, Paraguay",0987 312119,https://wa.me/0987312119,14.55,4.9,14,YES,"ATM_BRUXISMO,MOMS",7,MOMS_HIDROBABY
RELAX Salón de masajes,Spa/Wellness,General,Lambaré,"Padre Rafael Elizeche 1283, Lambaré 2024, Paraguay",0972 708966,https://wa.me/0972708966,0.72,5.0,1,NO,ATM_BRUXISMO,7,ATM_BRUXISMO
Lorena Recalde - Spa Integral,Spa/Wellness,Spa,Lambaré,"Departamento 2, Pirizal casi, Lambaré 110702, Paraguay",0984 834514,https://wa.me/0984834514,0.62,5.0,2,NO,ATM_BRUXISMO,7,ATM_BRUXISMO
SH FIT ESTÉTICA & SPA,Spa/Wellness,Spa,Villa Elisa,"Iturbe casi, Villa Elisa 111511, Paraguay",0982 473460,https://wa.me/0982473460,7.86,5.0,1,NO,"ATM_BRUXISMO,ESTETICA_DENTAL",7,ATM_BRUXISMO
Mistica Salón de Belleza y Spa,Spa/Wellness,Spa,San Lorenzo,"Quirino Codas Thompson, San Lorenzo 111403, Paraguay",0981 490443,https://wa.me/0981490443,8.8,4.9,13,YES,"ATM_BRUXISMO,ESTETICA_DENTAL",7,ATM_BRUXISMO
YA! Pilates,Gimnasio/Fitness,Yoga/Pilates,Asunción,"Av Gral Máximo Santos y, Asunción 001310, Paraguay",0983 840619,https://wa.me/0983840619,1.56,5.0,3,NO,ATM_BRUXISMO,7,ATM_BRUXISMO
PK- Pilates y Kinesiología,Gimnasio/Fitness,Yoga/Pilates,Lambaré,"Mbocayaty, Lambaré 110706, Paraguay",0971 785803,https://wa.me/0971785803,1.75,5.0,2,NO,ATM_BRUXISMO,7,ATM_BRUXISMO
Beautique Estética integral,Spa/Wellness,General,Fernando de la Mora,"Fray Luis de Bolaños 698 c, Fernando de la Mora 110312, Paraguay",0982 361433,https://wa.me/0982361433,7.38,5.0,2,NO,"ATM_BRUXISMO,ESTETICA_DENTAL",7,ATM_BRUXISMO
Marta Rivas-Hair Spa,Peluqueria,Spa,Asunción,"Capitan Felipe Allen Gomez 778 entre, 25 de Mayo y, Asunción 001229, Paraguay",0981 994110,https://wa.me/0981994110,1.81,4.4,7,NO,ATM_BRUXISMO,7,ATM_BRUXISMO
GS Spa y Salon de Belleza,Salon de Belleza,Spa,Villa Elisa,"Américo Picco, Villa Elisa 111509, Paraguay",0983 493943,https://wa.me/0983493943,6.24,5.0,4,NO,"ATM_BRUXISMO,ESTETICA_DENTAL",7,ATM_BRUXISMO
Dino Julio Correa,Peluqueria,General,Asunción,"Julio Correa 331, Asunción 001526, Paraguay",(021) 609 635,https://wa.me/59521609635,6.38,4.5,117,YES,ADJACENT_REFER,7,ADJACENT_GENERAL
"Sabrina 'Estética y Salon de Belleza""",Salon de Belleza,General,Asunción,"Ramona Martínez y, Asunción 001512, Paraguay",0971 696154,https://wa.me/0971696154,8.21,5.0,1,NO,"ATM_BRUXISMO,ESTETICA_DENTAL",7,ATM_BRUXISMO
Stylo Fran,Peluqueria,General,Villa Elisa,"Av. Enrique Von Poleski 709, Villa Elisa 2610, Paraguay",0971 318688,https://wa.me/0971318688,5.68,4.8,178,YES,ADJACENT_REFER,7,ADJACENT_GENERAL
LIM'S BEAUTY SALON,Salon de Belleza,General,Asunción,"Paraguay, Asunción, Capitan Elías Ayala, Lim's beauty salon",0983 985300,https://wa.me/0983985300,6.41,4.9,18,YES,"ATM_BRUXISMO,ESTETICA_DENTAL",7,ATM_BRUXISMO
Dermo Diseño,Salon de Belleza,General,Asunción,"M9XR+896, Asunción 001228, Paraguay",0971 929800,https://wa.me/0971929800,1.37,5.0,13,YES,ESTETICA_DENTAL,7,ESTETICA_SONRISA
Park 14 and half,Otros,General,San Lorenzo,"2160 San Lorenzo San Lorenzo, San Lorenzo 2160, Paraguay",(021) 574 689,https://wa.me/59521574689,11.76,4.5,5306,YES,ADJACENT_REFER,7,ADJACENT_GENERAL
Clinica Innovare San Lorenzo Centro,Otros,General,San Lorenzo,"Calle 10 de agosto, 743 con, Cnel Romero, San Lorenzo 111423, Paraguay",0984 410060,https://wa.me/0984410060,11.02,5.0,358,YES,ADJACENT_REFER,7,ADJACENT_GENERAL
Zeus Gym,Spa/Wellness,Gimnasio,San Lorenzo,"10 de agosto entre Cnel. Romero, España y, San Lorenzo 111430, Paraguay",0981 664892,https://wa.me/0981664892,10.95,4.6,69,YES,ATM_BRUXISMO,7,ATM_BRUXISMO
BIGG La Peregrina,Gimnasio/Fitness,General,Asunción,"Augusto Roa Bastos 425 casi, Asunción 1530, Paraguay",0982 220364,https://wa.me/0982220364,4.41,4.8,67,YES,ADJACENT_REFER,7,ADJACENT_GENERAL
Movida Pilates,Gimnasio/Fitness,Yoga/Pilates,Asunción,"entre Ingavi y el carmen, Madrinas de la Guerra del Chaco, Asunción 0000, Paraguay",0982 919836,https://wa.me/0982919836,1.84,5.0,7,YES,ATM_BRUXISMO,7,ATM_BRUXISMO
Bacan Barbería & Peluquería,Peluqueria,General,Asunción,"Quesada 5126 Local 31, Asunción 1411, Paraguay",0982 220991,https://wa.me/0982220991,3.67,4.9,69,YES,ADJACENT_REFER,7,ADJACENT_GENERAL
Flor Micropigmentación Estética,Salon de Belleza,General,San Antonio,"Av. San Jorge, San Antonio 111312, Paraguay",0982 291354,https://wa.me/0982291354,14.31,5.0,57,YES,ESTETICA_DENTAL,7,ESTETICA_SONRISA
DermoBeauty Luque,Salon de Belleza,General,Luque,"Gral. Díaz, PFCX+XG2, &, Luque 110935, Paraguay",0991 923660,https://wa.me/0991923660,11.66,4.7,62,YES,ESTETICA_DENTAL,7,ESTETICA_SONRISA
Premier Fitness Club - Paseo Los Arboles,Gimnasio/Fitness,General,Asunción,"PC5G+F2X, Av. Gral. José de San Martín, Asunción 001408, Paraguay",0972 141444,https://wa.me/0972141444,4.37,4.3,86,YES,ADJACENT_REFER,7,ADJACENT_GENERAL
Punto Estetica,Estetica/Facial,General,Fernando de la Mora,"095, Fernando de la Mora 110304, Paraguay",0981 736786,https://wa.me/0981736786,6.92,5.0,1,NO,"ATM_BRUXISMO,ESTETICA_DENTAL",7,ATM_BRUXISMO
Sea Soul Yoga Studio,Gimnasio/Fitness,Yoga/Pilates,Asunción,"Caaguazú 1934, Asunción 110101, Paraguay",0986 445617,https://wa.me/0986445617,1.55,4.7,3,YES,ATM_BRUXISMO,7,ATM_BRUXISMO
Jei Pilates Sucursal Pueblo,Gimnasio/Fitness,Yoga/Pilates,Lambaré,"Paz del Chaco casi, Lambaré 2420, Paraguay",0981 355356,https://wa.me/0981355356,1.96,5.0,2,YES,ATM_BRUXISMO,7,ATM_BRUXISMO
LM SPA,Spa/Wellness,Spa,Fernando de la Mora,"Av. Mariscal López, Fernando de la Mora 110303, Paraguay",0981 444401,https://wa.me/0981444401,7.76,5.0,4,YES,"ATM_BRUXISMO,ESTETICA_DENTAL",7,ATM_BRUXISMO
Clínica de la Familia del CEPEP San Lorenzo (Nuevo Edificio),Salon de Belleza,General,San Lorenzo,"Av. Fernando de Pinedo, San Lorenzo 111422, Paraguay",0985 600473,https://wa.me/0985600473,10.27,4.4,94,YES,ESTETICA_DENTAL,7,ESTETICA_SONRISA
ROMMY PELUQUERIA FEMININO Y MASCULINO,Peluqueria,General,Asunción,"Asunción 001412, Paraguay",0981 822928,https://wa.me/0981822928,3.62,4.0,53,YES,ADJACENT_REFER,7,ADJACENT_GENERAL
Derlis Zeballos,Otros,General,Asunción,"Teniente Primero Dr. Vicente Oddone, Asunción 001527, Paraguay",0983 846906,https://wa.me/0983846906,6.03,4.4,170,YES,ADJACENT_REFER,7,ADJACENT_GENERAL
Centro Estético Nature,Spa/Wellness,General,Fernando de la Mora,"Albert Sabin 633 casi, Fernando de la Mora 110307, Paraguay",0981 201108,https://wa.me/0981201108,6.12,4.3,4,YES,"ATM_BRUXISMO,ESTETICA_DENTAL",7,ATM_BRUXISMO
MG makeup,Maquillaje,General,Lambare,"Manuel Domínguez 410 casi Río verde Lambaré, Lambare 2420, Paraguay",0982 707338,https://wa.me/0982707338,3.52,4.6,63,YES,ADJACENT_REFER,7,ADJACENT_GENERAL
Cool Siluet Universe (Nazareth),Spa/Wellness,General,Asunción,"Dr. Osvaldo Chavez 1763, Asunción 001422, Paraguay",0984 396990,https://wa.me/0984396990,1.68,0.0,0,NO,ATM_BRUXISMO,7,ATM_BRUXISMO
Dr. Alexis Gallagher,Otros,General,Asunción,"Sta. Rosa 944, Asunción 001535, Paraguay",0994 400230,https://wa.me/0994400230,4.02,4.9,54,YES,ADJACENT_REFER,7,ADJACENT_GENERAL
Gabriela Pilates Gym,Gimnasio/Fitness,Gimnasio,Asunción,"Av. Médicos del Chaco esq, Asunción 001422, Paraguay",0984 319545,https://wa.me/0984319545,1.33,0.0,0,NO,ATM_BRUXISMO,7,ATM_BRUXISMO
Joseph General Santos,Salon de Belleza,General,Asunción,"Av Gral Máximo Santos casi, Asunción 001310, Paraguay",0986 243602,https://wa.me/0986243602,1.03,0.0,0,NO,ESTETICA_DENTAL,7,ESTETICA_SONRISA
Joseph Shopping Mariano,Peluqueria,General,Mariano Roque Alonso,"QFF7+H8X, RN 9 Carlos Antonio López, Mariano Roque Alonso 111018, Paraguay",0981 996247,https://wa.me/0981996247,12.25,3.7,63,YES,ATM_BRUXISMO,7,ATM_BRUXISMO
Studio Única Central,Salon de Belleza,General,Asunción,"25 de Mayo 3870, Asunción 001229, Paraguay",0983 380878,https://wa.me/0983380878,1.94,5.0,11,YES,ESTETICA_DENTAL,7,ESTETICA_SONRISA
Tomos Barbería,Barberia,General,Luque,"José Bonifacio y, Luque 110934, Paraguay",0972 477929,https://wa.me/0972477929,11.86,4.9,112,NO,ADJACENT_REFER,6,ADJACENT_GENERAL
Rojas Taekwon-do Club de Ramon Rojas,Gimnasio/Fitness,General,Ñemby,"JCFW+JCC, Mcal. Estigarribia, Ñemby 111208, Paraguay",0981 480350,https://wa.me/0981480350,8.9,4.8,64,NO,ADJACENT_REFER,6,ADJACENT_GENERAL
CRONOS ACADEMY,Gimnasio/Fitness,General,Fernando de la Mora,"MFV8+2FV, Mariscal José Félix Estigarribia, Fernando de la Mora 110303, Paraguay",0976 934789,https://wa.me/0976934789,7.69,4.9,51,NO,ADJACENT_REFER,6,ADJACENT_GENERAL
Gorilla's Gym,Gimnasio/Fitness,Gimnasio,Asunción,"Itapua 822, Asunción 001531, Paraguay",0994 462100,https://wa.me/0994462100,6.26,4.8,67,NO,ADJACENT_REFER,6,ADJACENT_GENERAL
SG training,Gimnasio/Fitness,General,Asunción,"PCJ6+MHW, Sgto. Toribio Valinotti, Asunción 001533, Paraguay",0992 315496,https://wa.me/0992315496,5.52,4.7,84,NO,ADJACENT_REFER,6,ADJACENT_GENERAL
Gimnasio Get Fit,Gimnasio/Fitness,Gimnasio,Asunción,"PCG7+Q33, Profesor Mario Mariotti, Asunción 001534, Paraguay",0981 764258,https://wa.me/0981764258,5.12,4.7,54,NO,ADJACENT_REFER,6,ADJACENT_GENERAL
JF GYM,Gimnasio/Fitness,Gimnasio,Villa Elisa,"JCR4+J6V, Villa Elisa 111505, Paraguay",0981 444658,https://wa.me/0981444658,5.18,4.8,57,NO,ADJACENT_REFER,6,ADJACENT_GENERAL
GLOBAL FITNESS VILLA ELISA,Gimnasio/Fitness,General,Villa Elisa,"Salto del Guairá y, Villa Elisa 1102, Paraguay",0986 500012,https://wa.me/0986500012,5.85,4.5,97,NO,ADJACENT_REFER,6,ADJACENT_GENERAL
RUIZ GYM - Gimnasio de taekwondo y Zumba,Gimnasio/Fitness,Gimnasio,Villa Elisa,"JCP6+WCH, Panamá, Villa Elisa 111507, Paraguay",0981 299064,https://wa.me/0981299064,5.81,4.8,57,NO,ADJACENT_REFER,6,ADJACENT_GENERAL
IL BARONE,Peluqueria,General,San Lorenzo,"Manuel Ortiz Guerrero, San Lorenzo 111461, Paraguay",0986 336903,https://wa.me/0986336903,11.07,4.9,102,NO,ADJACENT_REFER,6,ADJACENT_GENERAL
RADICAL FITNESS GYM,Gimnasio/Fitness,Gimnasio,Fernando de la Mora,"Eligio Ayala 2045 casi Emiliano R fernandez Fernando de la Mora, Fernando de la Mora 2045, Paraguay",0961 315930,https://wa.me/0961315930,6.66,4.7,51,NO,ADJACENT_REFER,6,ADJACENT_GENERAL
Go Fit Gym,Gimnasio/Fitness,Gimnasio,Fernando de la Mora,"MC6V+5P6, 11 de Setiembre, Fernando de la Mora 110320, Paraguay",0981 341714,https://wa.me/0981341714,6.15,4.7,69,NO,ADJACENT_REFER,6,ADJACENT_GENERAL
Barbería Azuaga,Barberia,General,Ñemby,"2540, Ñemby 111215, Paraguay",0971 274507,https://wa.me/0971274507,11.53,4.8,120,NO,ADJACENT_REFER,6,ADJACENT_GENERAL
Classic Training,Gimnasio/Fitness,General,Fernando de la Mora,"Av. Zavalas Cué, Fernando de la Mora 110319, Paraguay",0994 699285,https://wa.me/0994699285,5.6,4.8,78,NO,ADJACENT_REFER,6,ADJACENT_GENERAL
Arena Body Gym .,Gimnasio/Fitness,Gimnasio,Fernando de la Mora,"Rio Yhaguy 1615 e, Fernando de la Mora 1300, Paraguay",0986 546142,https://wa.me/0986546142,6.78,4.6,54,NO,ADJACENT_REFER,6,ADJACENT_GENERAL
Capelli Barberia/Peluquería,Peluqueria,General,San Lorenzo,"Paseo Las Margaritas, San Lorenzo 111422, Paraguay",0987 310953,https://wa.me/0987310953,10.43,4.9,196,NO,ADJACENT_REFER,6,ADJACENT_GENERAL
Fibra Academia,Gimnasio/Fitness,General,Asunción,"Caracas 294, Asunción 1209, Paraguay",(021) 280 084,https://wa.me/59521280084,6.94,4.6,73,NO,ADJACENT_REFER,6,ADJACENT_GENERAL
PELUQUERÍA BARBERSHOP,Peluqueria,General,Fernando de la Mora,"MFPC+67H, Fernando de la Mora 110310, Paraguay",0982 992766,https://wa.me/0982992766,8.11,4.6,66,NO,ADJACENT_REFER,6,ADJACENT_GENERAL
DiDonna - Artistas del cabello,Peluqueria,General,Asunción,"Edificio Fiore di Maggio, Prof. César Vasconcellos 1111, Asunción 001410, Paraguay",0981 448445,https://wa.me/0981448445,5.21,4.8,58,NO,ADJACENT_REFER,6,ADJACENT_GENERAL
Peluqueria Nosotras,Peluqueria,General,Fernando de la Mora,"Boqueron esquina Iturbe, Fernando de la Mora 2300, Paraguay",0986 535281,https://wa.me/0986535281,5.93,4.6,69,NO,ADJACENT_REFER,6,ADJACENT_GENERAL
Salón Benitez,Peluqueria,General,Fernando de la Mora,"10 de Julio 311, Fernando de la Mora 110308, Paraguay",0981 133515,https://wa.me/0981133515,5.82,4.7,69,NO,ADJACENT_REFER,6,ADJACENT_GENERAL
Wilkev,Peluqueria,General,Villa Elisa,"Ingavi Von Polesky Villa Elisa, Villa Elisa 2610, Paraguay",0985 505642,https://wa.me/0985505642,8.19,4.8,67,NO,ADJACENT_REFER,6,ADJACENT_GENERAL
PANY Beauty Bar,Peluqueria,General,Asunción,"San Rafael 1166, Asunción 001527, Paraguay",0981 834878,https://wa.me/0981834878,5.8,4.9,60,NO,ADJACENT_REFER,6,ADJACENT_GENERAL
Leblon Color Studio & Barber Shop,Peluqueria,Barberia Moderna,Asunción,"Eusebio Lillo Robles, Asunción 001407, Paraguay",0971 380220,https://wa.me/0971380220,5.26,4.8,68,NO,ADJACENT_REFER,6,ADJACENT_GENERAL
Barber Shop Py,Barberia,Barberia Moderna,Asunción,"Cardenal Roig 1037, Asunción 1820, Paraguay",0991 721473,https://wa.me/0991721473,5.35,5.0,65,NO,ADJACENT_REFER,6,ADJACENT_GENERAL
Que Chevere Barbería,Barberia,General,Asunción,"Coronel Juan Antonio Escurra, &, Asunción 001409, Paraguay",0982 246052,https://wa.me/0982246052,6.28,4.8,77,NO,ADJACENT_REFER,6,ADJACENT_GENERAL
Pampaiva MakeUp,Maquillaje,General,Mariano Roque Alonso,"QFP6+6GM, Unnamed Road, Mariano Roque Alonso 111010, Paraguay",0981 775554,https://wa.me/0981775554,13.19,4.7,165,NO,ADJACENT_REFER,6,ADJACENT_GENERAL
Minutos de Sol,Otros,General,San Lorenzo,"Juan León mallorquín 220, San Lorenzo 111431, Paraguay",0986 490573,https://wa.me/0986490573,10.28,4.8,131,NO,ADJACENT_REFER,6,ADJACENT_GENERAL
Scarlet Store - Mariano,Otros,General,Mariano Roque Alonso,"Ruta Transchaco, Mariano Roque Alonso 111010, Paraguay",0982 524075,https://wa.me/0982524075,13.25,4.5,132,NO,ADJACENT_REFER,6,ADJACENT_GENERAL
Mi piercing,Tatuajes/Piercing,Piercing Studio,San Lorenzo,"969 San Lorenzo, San Lorenzo 2060, Paraguay",0994 122288,https://wa.me/0994122288,10.54,4.9,110,NO,ADJACENT_REFER,6,ADJACENT_GENERAL
VargasBarberpy,Barberia,General,Fernando de la Mora,"MFJ4+CRG, Fernando de la Mora 110309, Paraguay",0971 569857,https://wa.me/0971569857,6.75,4.9,59,NO,ADJACENT_REFER,6,ADJACENT_GENERAL
Beethoven BarberShop,Barberia,General,Fernando de la Mora,"MFC6+GF6, Fernando de la Mora 110313, Paraguay",0994 571677,https://wa.me/0994571677,7.33,4.8,72,NO,ADJACENT_REFER,6,ADJACENT_GENERAL
MADELCAP,Otros,General,Ñemby,"Nro. 136, Tte. Zacarias, Ñemby 111214, Paraguay",0971 754545,https://wa.me/0971754545,11.26,4.7,188,NO,ADJACENT_REFER,6,ADJACENT_GENERAL
Barberia en Lambare - Estilo Carlos py,Barberia,General,Lambaré,"Carr de López y, Lambaré 110727, Paraguay",0991 942741,https://wa.me/0991942741,6.26,4.9,81,NO,ADJACENT_REFER,6,ADJACENT_GENERAL
Barbería cabañas,Barberia,General,Villa Elisa,"Av. Enrique Von Poleski y, Villa Elisa 111516, Paraguay",0981 658762,https://wa.me/0981658762,8.84,4.8,53,NO,ADJACENT_REFER,6,ADJACENT_GENERAL
MegaCosméticos Luque,Otros,General,Luque,"Cerro Cora y, Luque 110930, Paraguay",0986 504244,https://wa.me/0986504244,13.06,4.4,140,NO,ADJACENT_REFER,6,ADJACENT_GENERAL
Gimnasio Styler Center,Gimnasio/Fitness,Gimnasio,Villa Elisa,"JC88+J4P, Villa Elisa 111514, Paraguay",(021) 930 960,https://wa.me/59521930960,8.13,4.5,59,YES,ADJACENT_REFER,6,ADJACENT_GENERAL
Lele Ferreira - Makeup Studio,Maquillaje,General,Fernando de la Mora,"Coronel Luis Irrazabal casi, Fernando de la Mora 110311, Paraguay",0985 598630,https://wa.me/0985598630,8.66,4.8,82,NO,ADJACENT_REFER,6,ADJACENT_GENERAL
La Ivaldi Make Up,Maquillaje,General,Villa Elisa,"Ntra. Sra. de la Asunción, Villa Elisa 111510, Paraguay",0994 318355,https://wa.me/0994318355,6.81,4.6,86,NO,ADJACENT_REFER,6,ADJACENT_GENERAL
Royal Beauty STHETIC,Otros,General,Asunción,"Lazaro Gonzalez 235, Asunción 001403, Paraguay",0985 154041,https://wa.me/0985154041,6.78,4.7,89,NO,ADJACENT_REFER,6,ADJACENT_GENERAL
Body Piercing San Lorenzo,Tatuajes/Piercing,Piercing Studio,San Lorenzo,"Edificio Brignardello, 5 de Setiembre y, San Lorenzo 111420, Paraguay",0981 556506,https://wa.me/0981556506,9.8,4.5,55,NO,ADJACENT_REFER,6,ADJACENT_GENERAL
OMNIA Estética Integral,Spa/Wellness,General,Luque,"Independencia Nacional 120, entre Yegros y, Luque 110921, Paraguay",0992 306184,https://wa.me/0992306184,13.2,4.9,28,NO,"ATM_BRUXISMO,ESTETICA_DENTAL",6,ATM_BRUXISMO
Fit for Life,Gimnasio/Fitness,General,Asunción,"PCJM+FX2, Asunción 001520, Paraguay",0985 402825,https://wa.me/0985402825,6.75,4.6,62,YES,ADJACENT_REFER,6,ADJACENT_GENERAL
Miss pestañas,Pestañas/Cejas,General,Fernando de la Mora,"Paseo Dylan, Libertad y, Fernando de la Mora 110311, Paraguay",0971 839978,https://wa.me/0971839978,8.02,4.5,72,NO,ADJACENT_REFER,6,ADJACENT_GENERAL
DivaMakeupOficial,Maquillaje,General,Fernando de la Mora,"CABO TALAVERA C, MCHW+2HW, 10 de Julio, Fernando de la Mora 110308, Paraguay",0981 607319,https://wa.me/0981607319,5.75,4.9,65,NO,ADJACENT_REFER,6,ADJACENT_GENERAL
Rocio Nails Art,Uñas/Nails,Salon Uñas,Fernando de la Mora,"Acceso Sur, Fernando de la Mora 110331, Paraguay",0985 134967,https://wa.me/0985134967,5.42,4.8,95,NO,ADJACENT_REFER,6,ADJACENT_GENERAL
Spa Sauna Masajes y Fisioterapia,Spa/Wellness,Spa,San Lorenzo,"Miraflores 460 / Liberación San Lorenzo, San Lorenzo 2160, Paraguay",0981 965390,https://wa.me/0981965390,10.74,5.0,38,NO,ATM_BRUXISMO,6,ATM_BRUXISMO
Impact Fitness Gym,Gimnasio/Fitness,Gimnasio,Ñemby,"Jacinto Herrera, Ñemby 111202, Paraguay",0982 622162,https://wa.me/0982622162,8.77,4.8,71,YES,ADJACENT_REFER,6,ADJACENT_GENERAL
Sauna 945 spa,Spa/Wellness,Spa,Asunción,"Teniente Fariña 945, Asunción 001219, Paraguay",0995 625766,https://wa.me/0995625766,3.17,4.6,23,NO,ATM_BRUXISMO,6,ATM_BRUXISMO
Dark Arts Tattoo,Tatuajes/Piercing,General,San Lorenzo,"JFX5+R6H, Mariano Roque Alonso, San Lorenzo 111434, Paraguay",0981 654613,https://wa.me/0981654613,7.96,4.9,64,NO,ADJACENT_REFER,6,ADJACENT_GENERAL
Bienestar spa y fisioterapia,Spa/Wellness,Spa,Lambaré,"Mariscal Francisco Solano Lopez casi, Lambaré 110724, Paraguay",0992 445867,https://wa.me/0992445867,4.16,4.8,24,NO,ATM_BRUXISMO,6,ATM_BRUXISMO
Canela Spa,Spa/Wellness,Spa,Lambaré,"Av. Augusto Roa Bastos 990, Lambaré 110709, Paraguay",0983 455577,https://wa.me/0983455577,2.27,4.9,22,NO,ATM_BRUXISMO,6,ATM_BRUXISMO
Alfonsina Spa Urbano,Spa/Wellness,Spa,Lambaré,"e/, Bogota & Rio Blanco, J9WX+748, Lambaré 110719, Paraguay",0983 606990,https://wa.me/0983606990,4.55,4.5,26,NO,ATM_BRUXISMO,6,ATM_BRUXISMO
Studio Pilates,Gimnasio/Fitness,Yoga/Pilates,Asunción,"Malutin 479, Asunción 001411, Paraguay",0982 858083,https://wa.me/0982858083,4.03,4.8,22,NO,ATM_BRUXISMO,6,ATM_BRUXISMO
Urban Fade,Spa/Wellness,General,San Lorenzo,"110202, España, San Lorenzo 111430, Paraguay",0986 708515,https://wa.me/0986708515,11.06,5.0,35,NO,ATM_BRUXISMO,6,ATM_BRUXISMO
Scott Tatuajes,Tatuajes/Piercing,General,Fernando de la Mora,"Eugenio A Garay Fdo de la mora zona norte, Fernando de la Mora 1234, Paraguay",0981 575176,https://wa.me/0981575176,6.94,4.6,82,NO,ADJACENT_REFER,6,ADJACENT_GENERAL
Madú Beauty Bar - Central,Salon de Belleza,General,Asunción,"Santisimo Sacramento casi, Asunción 001534, Paraguay",0984 702022,https://wa.me/0984702022,4.32,4.9,23,NO,ESTETICA_DENTAL,6,ESTETICA_SONRISA
Axel Jara Academy & Studio,Salon de Belleza,General,Ñemby,"Teniente. Rivas esquina, Ñemby 111201, Paraguay",0985 688999,https://wa.me/0985688999,11.31,5.0,31,NO,ESTETICA_DENTAL,6,ESTETICA_SONRISA
Hair Lab,Peluqueria,General,Asunción,"Narciso R. Colmán 1539, Asunción 001527, Paraguay",0972 825777,https://wa.me/0972825777,5.78,4.6,52,YES,ADJACENT_REFER,6,ADJACENT_GENERAL
La Pelu Hair Estudio,Peluqueria,General,Asunción,"Cecilio Da Silva 1160, Asunción 001527, Paraguay",0981 595979,https://wa.me/0981595979,5.83,4.7,83,YES,ADJACENT_REFER,6,ADJACENT_GENERAL
STILO Peluquería,Peluqueria,General,Villa Elisa,"Nogales, Villa Elisa 111503, Paraguay",0981 733101,https://wa.me/0981733101,6.11,4.8,98,YES,ADJACENT_REFER,6,ADJACENT_GENERAL
PIEL DE SEDA spa y salon,Salon de Belleza,Spa,Luque,"Carlos Antonio López 157, Luque 110930, Paraguay",0994 269630,https://wa.me/0994269630,12.88,4.8,22,NO,"ATM_BRUXISMO,ESTETICA_DENTAL",6,ATM_BRUXISMO
Thelma krone,Salon de Belleza,General,Lambaré,"Rio Blanco &, Narciso R. Colman, Lambaré 110719, Paraguay",0971 168426,https://wa.me/0971168426,3.86,4.9,24,NO,ESTETICA_DENTAL,6,ESTETICA_SONRISA
Christopher Coiffure,Salon de Belleza,General,Ñemby,"Sta. Rosa esq, Ñemby 111212, Paraguay",0981 362502,https://wa.me/0981362502,10.77,4.7,31,NO,ESTETICA_DENTAL,6,ESTETICA_SONRISA
Blonde Beauty Studio,Salon de Belleza,General,Lambaré,"Patricio Escobar, Lambaré 110721, Paraguay",0983 193081,https://wa.me/0983193081,3.69,4.7,23,NO,ESTETICA_DENTAL,6,ESTETICA_SONRISA
Chic Center,Salon de Belleza,General,Fernando de la Mora,"Progreso 2311, Fernando de la Mora 110328, Paraguay",0981 891597,https://wa.me/0981891597,4.78,4.9,26,NO,ESTETICA_DENTAL,6,ESTETICA_SONRISA
Peluquería y barbería Luxury Beauty Center,Peluqueria,General,San Lorenzo,"Tte Benitez casi, San Lorenzo 111430, Paraguay",0981 075591,https://wa.me/0981075591,11.05,4.9,37,NO,ATM_BRUXISMO,6,ATM_BRUXISMO
Cofre de Belleza,Salon de Belleza,General,San Lorenzo,"Manuel Ortiz Guerrero, San Lorenzo 111449, Paraguay",0981 437878,https://wa.me/0981437878,10.72,4.7,48,NO,ESTETICA_DENTAL,6,ESTETICA_SONRISA
San Lorenzo Estetic Spa,Spa/Wellness,Spa,San Lorenzo,"Manuel Ortiz Guerrero casi, San Lorenzo 111431, Paraguay",0981 934999,https://wa.me/0981934999,10.66,4.2,20,NO,"ATM_BRUXISMO,ESTETICA_DENTAL",6,ATM_BRUXISMO
Bloom Studio,Salon de Belleza,General,Lambaré,"Carlos Alberto Gómez 2420, Lambaré 110719, Paraguay",0991 539286,https://wa.me/0991539286,3.14,5.0,21,NO,ESTETICA_DENTAL,6,ESTETICA_SONRISA
Stilo & Glamour Coiffure,Salon de Belleza,General,Luque,"Cnel. Oviedo, Luque 110932, Paraguay",0981 135893,https://wa.me/0981135893,12.22,4.9,31,NO,ESTETICA_DENTAL,6,ESTETICA_SONRISA
Joseph Laurelty,Salon de Belleza,General,Luque,"PF6X+4RP, Cap. Andres Insfran, Luque 110947, Paraguay",0981 751764,https://wa.me/0981751764,11.34,4.7,42,NO,ESTETICA_DENTAL,6,ESTETICA_SONRISA
Graciela Spa,Spa/Wellness,Spa,Villa Elisa,"MC36+F82, Av. Defensores del Chaco, Villa Elisa 110715, Paraguay",0985 854315,https://wa.me/0985854315,4.16,4.4,27,NO,ATM_BRUXISMO,6,ATM_BRUXISMO
CELBENZ,Peluqueria,General,Asunción,"Cañadon chaqueño, Teniente Bernal 365 casi, Asunción 001517, Paraguay",0992 594485,https://wa.me/0992594485,6.96,4.9,84,YES,ADJACENT_REFER,6,ADJACENT_GENERAL
Regina Coeli Spa - Medicina Estética,Spa/Wellness,Spa,Luque,"Tte. Rivas 536, Luque 110934, Paraguay",0971 595755,https://wa.me/0971595755,11.37,5.0,13,NO,"ATM_BRUXISMO,ESTETICA_DENTAL",6,ATM_BRUXISMO
Style Studio Barbershop,Barberia,General,Capiatá,"España &, Boqueron, Capiatá 110243, Paraguay",0983 530867,https://wa.me/0983530867,14.83,4.7,49,NO,ATM_BRUXISMO,6,ATM_BRUXISMO
Trendy nails & spa,Spa/Wellness,Spa,Lambaré,"Cacique Lambaré Entre, Juan B. Rivarola y, Lambaré 4322, Paraguay",0972 301134,https://wa.me/0972301134,3.39,5.0,15,NO,ATM_BRUXISMO,6,ATM_BRUXISMO
MANTRA Nail Beauty Spa,Spa/Wellness,Spa,Lambaré,"J9XH+5PG, Lambaré 110723, Paraguay",0981 951710,https://wa.me/0981951710,4.37,4.9,13,NO,ATM_BRUXISMO,6,ATM_BRUXISMO
AnaBella Estética,Spa/Wellness,General,Luque,"Simón Bolivar 650 casi, Luque 110933, Paraguay",0982 721197,https://wa.me/0982721197,11.52,5.0,14,NO,"ATM_BRUXISMO,ESTETICA_DENTAL",6,ATM_BRUXISMO
Yoga Urbano,Gimnasio/Fitness,Yoga/Pilates,Asunción,"Francisco Zurbaran 1138, Asunción 001206, Paraguay",0981 585277,https://wa.me/0981585277,4.24,5.0,11,NO,ATM_BRUXISMO,6,ATM_BRUXISMO
AVVIVA Pilates•Barre•Aerial,Gimnasio/Fitness,Yoga/Pilates,Asunción,"Padre Juan N. Casanello 1553 casi, Asunción 001238, Paraguay",0981 859892,https://wa.me/0981859892,2.13,4.9,16,NO,ATM_BRUXISMO,6,ATM_BRUXISMO
Sh Nails Spa,Spa/Wellness,Spa,Lambaré,"San Roque González 1556 casi, Lambaré 110707, Paraguay",0987 116191,https://wa.me/0987116191,2.72,5.0,12,NO,ATM_BRUXISMO,6,ATM_BRUXISMO
Bliss Spa,Spa/Wellness,Spa,Asunción,"15 De Agosto 1673, Asunción 001015, Paraguay",0984 588240,https://wa.me/0984588240,4.31,4.7,19,NO,ATM_BRUXISMO,6,ATM_BRUXISMO
Lash Queen Py (San Lorenzo),Salon de Belleza,General,San Lorenzo,"Coronel Romero &, Manuel Ortiz Guerrero, San Lorenzo 111430, Paraguay",0992 229222,https://wa.me/0992229222,11.16,4.3,43,NO,ESTETICA_DENTAL,6,ESTETICA_SONRISA
Espaçolaser Depilación,Spa/Wellness,Spa,Asunción,"Del Maestro, &, Asunción 001411, Paraguay",0991 856305,https://wa.me/0991856305,4.04,3.9,28,NO,ATM_BRUXISMO,6,ATM_BRUXISMO
Nemby Hospital,Otros,General,Ñemby,"Defensores del Chaco e, JF33+8HX, Ytororo y, Ñemby 2540, Paraguay",(021) 960 502,https://wa.me/59521960502,11.17,3.5,102,NO,ADJACENT_REFER,6,ADJACENT_GENERAL
Lu Caballero Skin Estudio,Salon de Belleza,General,Luque,"PGC8+7C3, Lapacho, Luque 110928, Paraguay",0983 900992,https://wa.me/0983900992,13.25,5.0,18,NO,"ATM_BRUXISMO,ESTETICA_DENTAL",6,ATM_BRUXISMO
Nanita's Hair & Nail Spa,Peluqueria,Spa,Fernando de la Mora,"Soldado Ovelar 2327 c, Fernando de la Mora 110328, Paraguay",0983 911164,https://wa.me/0983911164,4.69,5.0,14,NO,ATM_BRUXISMO,6,ATM_BRUXISMO
Emily &Viviana Coiffure /Maquillista,Salon de Belleza,General,Lambaré,"M9CG+296, Lambaré 110705, Paraguay",0981 483392,https://wa.me/0981483392,2.27,4.6,10,NO,ESTETICA_DENTAL,6,ESTETICA_SONRISA
Divinas Py (Lambare),Salon de Belleza,General,Lambaré,"Av. Médicos del Chaco 6229 casi, Lambaré 2420, Paraguay",0994 810406,https://wa.me/0994810406,2.15,4.8,17,NO,ESTETICA_DENTAL,6,ESTETICA_SONRISA
Norma Espinola-Beauty Salon,Salon de Belleza,General,Lambaré,"Capitán Victor Islas 856 casi, Lambaré 110705, Paraguay",0972 145444,https://wa.me/0972145444,2.62,4.8,18,NO,ESTETICA_DENTAL,6,ESTETICA_SONRISA
Splendid Beauty Salón,Salon de Belleza,General,Lambaré,"Av. Bruno Guggiari 1058 Casi, Lambaré 2024, Paraguay",0974 805579,https://wa.me/0974805579,2.08,5.0,13,NO,ESTETICA_DENTAL,6,ESTETICA_SONRISA
Shirley Baez Centro de Belleza,Salon de Belleza,General,Lambaré,"Florentín Oviedo esq, Lambaré 110722, Paraguay",0981 256375,https://wa.me/0981256375,3.92,5.0,18,NO,ESTETICA_DENTAL,6,ESTETICA_SONRISA
Skin care clinic,Spa/Wellness,General,Asunción,"Cruz Del Chaco 648, Asunción 001412, Paraguay",0981 556200,https://wa.me/0981556200,3.29,4.3,11,NO,ATM_BRUXISMO,6,ATM_BRUXISMO
Beauty Life Stetic,Spa/Wellness,General,Asunción,"R.I. 5 Gral. Díaz casi, Asunción 001416, Paraguay",0984 377070,https://wa.me/0984377070,4.47,4.7,6,NO,ATM_BRUXISMO,6,ATM_BRUXISMO
Yoga Renda,Gimnasio/Fitness,Yoga/Pilates,Asunción,"25 de Mayo 989 c, Asunción 001218, Paraguay",0981 206304,https://wa.me/0981206304,3.39,4.9,24,YES,ATM_BRUXISMO,6,ATM_BRUXISMO
Barbye Nails I - San Lorenzo,Uñas/Nails,Salon Uñas,San Lorenzo,"Clemente Romero 302 San Lorenzo, San Lorenzo 2605, Paraguay",0961 336346,https://wa.me/0961336346,8.24,4.8,92,YES,ADJACENT_REFER,6,ADJACENT_GENERAL
BODY and MIND PILATES,Gimnasio/Fitness,Yoga/Pilates,Asunción,"Mcal. Estigarribia 2067 entre, Mayor Sebastián Bullo y, Asunción 001225, Paraguay",0983 760238,https://wa.me/0983760238,2.34,5.0,26,YES,ATM_BRUXISMO,6,ATM_BRUXISMO
Miss pestañas suc Lambare,Pestañas/Cejas,General,Lambaré,"Guarambare 5650 y, Las Palmas, Lambaré 2420, Paraguay",0991 850426,https://wa.me/0991850426,2.35,4.7,21,NO,ATM_BRUXISMO,6,ATM_BRUXISMO
Sofia Pilates,Gimnasio/Fitness,Yoga/Pilates,Lúke,"Yrendagüé, Lúke 110920, Paraguay",0983 742504,https://wa.me/0983742504,13.66,5.0,30,YES,ATM_BRUXISMO,6,ATM_BRUXISMO
Sky Head Spa,Spa/Wellness,Spa,Asunción,"Sgto. José León Gauto 660 casi, Asunción 001207, Paraguay",0972 446106,https://wa.me/0972446106,3.8,5.0,9,NO,ATM_BRUXISMO,6,ATM_BRUXISMO
Hay Pilates,Gimnasio/Fitness,Yoga/Pilates,Asunción,"Pje. Recalde 856, Asunción 001219, Paraguay",0984 264006,https://wa.me/0984264006,3.21,4.8,6,NO,ATM_BRUXISMO,6,ATM_BRUXISMO
Wellness Yoga,Spa/Wellness,Yoga/Pilates,Lambaré,"Durazno 1678, Lambaré 110703, Paraguay",0972 580842,https://wa.me/0972580842,2.07,5.0,5,NO,ATM_BRUXISMO,6,ATM_BRUXISMO
NG Estética,Spa/Wellness,General,San Lorenzo,"Av San Isidro, entre Gumersindo Sosa y, San Lorenzo 1234, Paraguay",0981 992108,https://wa.me/0981992108,12.3,5.0,6,NO,"ATM_BRUXISMO,ESTETICA_DENTAL",6,ATM_BRUXISMO
Reluce,Spa/Wellness,General,Asunción,"Av. España 1525, Asunción 001208, Paraguay",0976 207607,https://wa.me/0976207607,2.95,5.0,6,NO,ATM_BRUXISMO,6,ATM_BRUXISMO
Fisioterapia-Quiropraxia Mariano Roque Alonso Lic Angel Leiva,Uñas/Nails,General,Mariano Roque Alonso,"Teniente Arce y Toledo Esq Boquerón Mariano Roque Alonso, Mariano Roque Alonso 2040, Paraguay",0985 498558,https://wa.me/0985498558,13.49,4.7,40,NO,ATM_BRUXISMO,6,ATM_BRUXISMO
ROMARELLY - Maria Elva - Mariel Spa,Spa/Wellness,Spa,Villa Elisa,"Luis A. del Parana 113 c, Villa Elisa 111502, Paraguay",0984 427268,https://wa.me/0984427268,4.92,5.0,9,NO,ATM_BRUXISMO,6,ATM_BRUXISMO
Karim House,Salon de Belleza,General,Lambaré,"J9XX+G3C, Yukykry, Lambaré 110719, Paraguay",0991 864980,https://wa.me/0991864980,4.21,5.0,5,NO,ESTETICA_DENTAL,6,ESTETICA_SONRISA
AVELINA Studio,Salon de Belleza,General,Lambaré,"Mayor Maria Mazó casi, Lambaré 110718, Paraguay",0985 516067,https://wa.me/0985516067,3.18,4.9,23,YES,ESTETICA_DENTAL,6,ESTETICA_SONRISA
Kuña Linda,Salon de Belleza,General,Lambaré,"De la Conquista, Lambaré 2020, Paraguay",0992 301111,https://wa.me/0992301111,4.63,4.6,8,NO,ESTETICA_DENTAL,6,ESTETICA_SONRISA
Rossie Beauty Center – Nails Express Sucursal España,Spa/Wellness,Spa,Asunción,"Av. España 2062, Asunción 1204, Paraguay",0981 673034,https://wa.me/0981673034,3.07,4.4,26,YES,ATM_BRUXISMO,6,ATM_BRUXISMO
Tam - Depi,Salon de Belleza,General,Lambaré,"María Auxiliadora y, Lambaré 110708, Paraguay",0991 250150,https://wa.me/0991250150,2.29,4.6,21,YES,ESTETICA_DENTAL,6,ESTETICA_SONRISA
Depibelha,Salon de Belleza,General,Asunción,"Epifanio Mendez Fleitas, Asunción 001427, Paraguay",0984 522774,https://wa.me/0984522774,4.15,4.8,5,NO,ESTETICA_DENTAL,6,ESTETICA_SONRISA
Studio Seven PY,Salon de Belleza,General,Asunción,"Capitan Ruiz Diaz de Melgarejo, Asunción 001420, Paraguay",0974 198620,https://wa.me/0974198620,3.2,5.0,9,NO,ESTETICA_DENTAL,6,ESTETICA_SONRISA
Natalia Denis Studio,Salon de Belleza,General,Lambaré,"Avda. Cerro Lambaré, &, Lambaré 2120, Paraguay",0974 984939,https://wa.me/0974984939,4.44,5.0,9,NO,ESTETICA_DENTAL,6,ESTETICA_SONRISA
ALANA FLEITAS STUDIO SUC LUQUE,Salon de Belleza,General,Luque,"Gral. Bernardino Caballero 14, Luque 110932, Paraguay",0986 842238,https://wa.me/0986842238,12.75,5.0,9,NO,"ATM_BRUXISMO,ESTETICA_DENTAL",6,ATM_BRUXISMO
Bonne Glamour,Salon de Belleza,General,Lambaré,"Fulgencio Yegros, Lambaré 110718, Paraguay",0984 123127,https://wa.me/0984123127,3.37,4.8,6,NO,ESTETICA_DENTAL,6,ESTETICA_SONRISA
Camila Bogado Spa de Uñas,Spa/Wellness,Spa,Asunción,"Ntra Sra del Carmen, Dr y, Asunción 1518, Paraguay",0985 453025,https://wa.me/0985453025,4.72,4.9,17,YES,ATM_BRUXISMO,6,ATM_BRUXISMO
BM estudio de belleza y cosmetología,Estetica/Facial,General,Ñemby,"Avenida Vasconcello camino a, Cerro Guy, Ñemby 111207, Paraguay",0972 535024,https://wa.me/0972535024,10.64,5.0,11,NO,"ATM_BRUXISMO,ESTETICA_DENTAL",6,ATM_BRUXISMO
Feminine Spa Esthetic,Spa/Wellness,Spa,Lambaré,"M98H+QJH, Lambaré 110705, Paraguay",0991 983618,https://wa.me/0991983618,2.39,4.7,3,NO,ATM_BRUXISMO,6,ATM_BRUXISMO
Liel Spa,Spa/Wellness,Spa,Lambaré,"110719, Lambaré 110719, Paraguay",0991 828452,https://wa.me/0991828452,3.46,5.0,1,NO,ATM_BRUXISMO,6,ATM_BRUXISMO
Bet Body Spa,Spa/Wellness,Spa,Lambaré,"Río Apa 734 &, Lambaré 110719, Paraguay",0985 500634,https://wa.me/0985500634,4.23,5.0,3,NO,ATM_BRUXISMO,6,ATM_BRUXISMO
Elevate Pilates Studio,Gimnasio/Fitness,Yoga/Pilates,Asunción,"Trifon Benitez Vera ° 697, Asunción 001408, Paraguay",0994 944944,https://wa.me/0994944944,4.68,5.0,2,NO,ATM_BRUXISMO,6,ATM_BRUXISMO
"PRASSAD, KUNDALINI YOGA",Gimnasio/Fitness,Yoga/Pilates,Lambaré,"Adolfo Rojas Silva 635, Lambaré 110724, Paraguay",(021) 905 730,https://wa.me/59521905730,3.76,5.0,1,NO,ATM_BRUXISMO,6,ATM_BRUXISMO
Jei Pilates Sucursal Muni,Gimnasio/Fitness,Yoga/Pilates,Lambaré,"Silvio Pettirossi casi, Lambaré 2420, Paraguay",0981 355356,https://wa.me/0981355356,3.83,5.0,1,NO,ATM_BRUXISMO,6,ATM_BRUXISMO
Tania Ximenna Pilates e Hipopresivos,Gimnasio/Fitness,Yoga/Pilates,Lambaré,"110705, José Falcón 2525, Lambaré 110705, Paraguay",0981 253543,https://wa.me/0981253543,2.79,5.0,3,NO,ATM_BRUXISMO,6,ATM_BRUXISMO
Caishen Tienda de Belleza,Spa/Wellness,General,San Lorenzo,"Gaspar Rodríguez de Francia, San Lorenzo 2160, Paraguay",0985 621904,https://wa.me/0985621904,10.72,4.5,2,NO,"ATM_BRUXISMO,ESTETICA_DENTAL",6,ATM_BRUXISMO
Soul Studio Pilates,Gimnasio/Fitness,Yoga/Pilates,Asunción,"Legion Civil Extranjera casi, Asunción 001412, Paraguay",0974 872150,https://wa.me/0974872150,3.27,5.0,1,NO,ATM_BRUXISMO,6,ATM_BRUXISMO
Asuncion Pilates Club,Gimnasio/Fitness,Yoga/Pilates,Asunción,"Capitán Pedro Villamayor y, Mayor José Rosa Aranda 887, Asunción 001418, Paraguay",0982 666279,https://wa.me/0982666279,4.78,4.9,19,YES,ATM_BRUXISMO,6,ATM_BRUXISMO
Pachi Yoga,Gimnasio/Fitness,Yoga/Pilates,Asunción,"Manuel Perez 572, Asunción 1409, Paraguay",0992 298664,https://wa.me/0992298664,3.49,5.0,18,YES,ATM_BRUXISMO,6,ATM_BRUXISMO
101 Beauty Studio,Spa/Wellness,General,Asunción,"Senador Huey Pierce Long 250 Entre Guido Spano Y Andrade Asuncion, Asunción 1849, Paraguay",0976 564224,https://wa.me/0976564224,3.9,4.8,15,YES,ATM_BRUXISMO,6,ATM_BRUXISMO
Belleza en Uñas - Magali Ocampo,Uñas/Nails,Salon Uñas,Asunción,"Sta. Rosa casi, Asunción 001535, Paraguay",0984 539599,https://wa.me/0984539599,4.44,5.0,13,NO,ESTETICA_DENTAL,6,ESTETICA_SONRISA
ALISADOS ELIZA Y MAR DEPILACIÓN Y MASAJES,Peluqueria,General,Lambaré,"Cacique 3736 c, Lambaré 110714, Paraguay",0982 107538,https://wa.me/0982107538,3.19,4.2,5,NO,ATM_BRUXISMO,6,ATM_BRUXISMO
Spa masajes,Spa/Wellness,Spa,Lambare,"Sebastián Gaboto y, Lambare 5068, Paraguay",0991 698036,https://wa.me/0991698036,2.29,3.8,6,NO,ATM_BRUXISMO,6,ATM_BRUXISMO
Bleustudio,Salon de Belleza,General,Lambaré,"25,33515° S, 57,62383° O, Lambaré 110705, Paraguay",0972 333315,https://wa.me/0972333315,2.74,5.0,1,NO,ESTETICA_DENTAL,6,ESTETICA_SONRISA
MORI · Expertas en Color,Peluqueria,General,Lambaré,"Ñasaindy 974, Lambaré 2420, Paraguay",0983 607493,https://wa.me/0983607493,2.49,4.6,12,YES,ESTETICA_DENTAL,6,ESTETICA_SONRISA
Rumi Paniagua Salon,Salon de Belleza,General,Asunción,"Teniente Héctor Vera &, PC6H+F5C, Av. Gral. José de San Martín, Asunción 001409, Paraguay",0971 644723,https://wa.me/0971644723,4.73,5.0,4,NO,ESTETICA_DENTAL,6,ESTETICA_SONRISA
Salón de belleza RUMI PANIAGUA,Salon de Belleza,General,Asunción,"📍Teniente Héctor Vera 1651, Asunción 001409, Paraguay",0971 644723,https://wa.me/0971644723,4.72,5.0,3,NO,ESTETICA_DENTAL,6,ESTETICA_SONRISA
Sol Spa Beauty Center,Spa/Wellness,Spa,Lambaré,"Av. Cacique Lambare, Lambaré 3838, Paraguay",0991 413890,https://wa.me/0991413890,3.15,4.0,4,NO,ATM_BRUXISMO,6,ATM_BRUXISMO
Bella House Py,Salon de Belleza,General,Lambaré,"JCV2+WCM, Lambaré 110717, Paraguay",0985 919454,https://wa.me/0985919454,4.71,5.0,2,NO,ESTETICA_DENTAL,6,ESTETICA_SONRISA
Studio Queen By Clau Acosta,Salon de Belleza,General,Mariano Roque Alonso,"Toledo, &, Mariano Roque Alonso 111010, Paraguay",0971 950222,https://wa.me/0971950222,13.65,5.0,19,YES,"ATM_BRUXISMO,ESTETICA_DENTAL",6,ATM_BRUXISMO
Esebastian Y Sophie Monfillo Unisex,Peluqueria,General,Luque,"America entre Paysandu y, Cochabamba Casi, Luque 110915, Paraguay",0981 128012,https://wa.me/0981128012,12.99,4.9,161,YES,ADJACENT_REFER,6,ADJACENT_GENERAL
Centro de Belleza Jovita,Salon de Belleza,General,Asunción,"República de Siria 480-407, Asunción 001208, Paraguay",0981 788845,https://wa.me/0981788845,3.23,5.0,18,YES,ESTETICA_DENTAL,6,ESTETICA_SONRISA
Giovanni Coiffure,Peluqueria,General,Mariano Roque Alonso,"Boqueron, Mariano Roque Alonso 111010, Paraguay",0982 691638,https://wa.me/0982691638,13.77,4.8,180,YES,ADJACENT_REFER,6,ADJACENT_GENERAL
Nueve Reinas spa de manos y pies,Spa/Wellness,Spa,Asunción,"Av. Dr. José Gaspar Rodriguez de Francia y, Asunción 001102, Paraguay",0974 500654,https://wa.me/0974500654,3.86,5.0,5,YES,ATM_BRUXISMO,6,ATM_BRUXISMO
Movida Pilates Lambaré,Gimnasio/Fitness,Yoga/Pilates,Lambaré,"Guaraníes, Lambaré 110722, Paraguay",0976 483798,https://wa.me/0976483798,3.33,5.0,5,YES,ATM_BRUXISMO,6,ATM_BRUXISMO
Monica Alonso - Beauty Bar,Spa/Wellness,General,Asunción,"Avenida España, &, Asunción 001411, Paraguay",0981 934007,https://wa.me/0981934007,3.96,5.0,6,YES,ATM_BRUXISMO,6,ATM_BRUXISMO
Loto Pilates,Gimnasio/Fitness,Yoga/Pilates,Lambaré,"Gral. Aquino 2262 c, Lambaré 110720, Paraguay",0991 714760,https://wa.me/0991714760,3.34,5.0,5,YES,ATM_BRUXISMO,6,ATM_BRUXISMO
JE Studio Pilates Yoga,Gimnasio/Fitness,Yoga/Pilates,Asunción,"Sucre N° 1984, casi, Asunción 001408, Paraguay",0973 203323,https://wa.me/0973203323,4.68,5.0,7,YES,ATM_BRUXISMO,6,ATM_BRUXISMO
Ahimsa Escuela de Yoga,Gimnasio/Fitness,Yoga/Pilates,Asunción,"San Francisco 822, Asunción 001208, Paraguay",0991 602073,https://wa.me/0991602073,3.49,5.0,5,YES,ATM_BRUXISMO,6,ATM_BRUXISMO
Inspira Pilates,Gimnasio/Fitness,Yoga/Pilates,Asunción,"Doctor Luís Enrique Migone 767, Asunción 001529, Paraguay",0991 970900,https://wa.me/0991970900,4.76,5.0,7,YES,ATM_BRUXISMO,6,ATM_BRUXISMO
La Logia Barberos - Vintage Club,Barberia,General,Luque,"Barrio Primavera, Luque 110929, Paraguay",0985 955741,https://wa.me/0985955741,13.97,4.9,121,YES,ADJACENT_REFER,6,ADJACENT_GENERAL
Julia Cuéllar Make-Up & Beauty,Salon de Belleza,General,Asunción,"Soldado Desconocido 125 casi, Asunción 001530, Paraguay",0981 438939,https://wa.me/0981438939,4.2,4.3,12,YES,ESTETICA_DENTAL,6,ESTETICA_SONRISA
KLINIC Medicina Estética y Oculoplastia,Otros,General,Asunción,"América 187 casi, Asunción 001207, Paraguay",0971 892298,https://wa.me/0971892298,2.83,3.9,14,NO,ESTETICA_DENTAL,6,ESTETICA_SONRISA
Queenies Mariano,Salon de Belleza,General,Mariano Roque Alonso,"Shopping La Rural Bloque B, QF86+JRW, Mariano Roque Alonso 111020, Paraguay",0985 200448,https://wa.me/0985200448,11.53,5.0,5,YES,"ATM_BRUXISMO,ESTETICA_DENTAL",6,ATM_BRUXISMO
MONARCA,Peluqueria,General,Asunción,"C/ Cervantes, Sgto. Toribio Valinotti, Asunción 001534, Paraguay",0984 365305,https://wa.me/0984365305,5.37,5.0,59,YES,ADJACENT_REFER,6,ADJACENT_GENERAL
EstetiCare,Estetica/Facial,General,Asunción,"Pitiantuta, &, Asunción 001204, Paraguay",0971 264525,https://wa.me/0971264525,4.13,5.0,1,NO,ESTETICA_DENTAL,6,ESTETICA_SONRISA
Estetica Integral,Estetica/Facial,Centro Estetica,Lúke,"Sauce 361, Lúke 110932, Paraguay",0986 501058,https://wa.me/0986501058,12.15,5.0,2,NO,"ATM_BRUXISMO,ESTETICA_DENTAL",6,ATM_BRUXISMO
Serenity -Belleza y Estética-,Spa/Wellness,General,Ñemby,"JFCC+V9Q, Av. Moisés Bertoni, Ñemby 111459, Paraguay",0981 201060,https://wa.me/0981201060,10.8,5.0,3,YES,"ATM_BRUXISMO,ESTETICA_DENTAL",6,ATM_BRUXISMO
Indara Beauty & Spa - Sucursal Bo. Kennedy,Spa/Wellness,Spa,Lambaré,"Silvio Pettirossi 552, Lambaré 110725, Paraguay",0982 229380,https://wa.me/0982229380,3.93,5.0,1,YES,ATM_BRUXISMO,6,ATM_BRUXISMO
Cinnia Pilates,Gimnasio/Fitness,Yoga/Pilates,Fernando de la Mora,"MC5G+C59, Soldado Ovelar, Fernando de la Mora 110328, Paraguay",0982 386868,https://wa.me/0982386868,4.69,4.8,4,YES,ATM_BRUXISMO,6,ATM_BRUXISMO
Yoga Shala,Gimnasio/Fitness,Yoga/Pilates,Asunción,"Presbítero Marcelino Noutz 872 c, Asunción 001207, Paraguay",0981 492424,https://wa.me/0981492424,3.71,5.0,2,YES,ATM_BRUXISMO,6,ATM_BRUXISMO
Barbería Paraguay Asunción(Alphas Barber Shop py),Barberia,Barberia Moderna,Asunción,"Prof. Ramón Cardozo, Asunción 001404, Paraguay",0991 625203,https://wa.me/0991625203,6.57,4.8,78,YES,ADJACENT_REFER,6,ADJACENT_GENERAL
Danny tattoo,Tatuajes/Piercing,General,Lambaré,"Campo Via 244, Lambaré 110725, Paraguay",0981 652103,https://wa.me/0981652103,4.14,5.0,1,NO,ATM_BRUXISMO,6,ATM_BRUXISMO
Salon de Belleza Angela Coiffure,Salon de Belleza,General,Lambaré,"Angela coiffure, Jose Silvano Godoy casi, Lambaré 110728, Paraguay",0986 369554,https://wa.me/0986369554,4.57,5.0,1,YES,ESTETICA_DENTAL,6,ESTETICA_SONRISA
Bienestar Integral Natura,Salon de Belleza,General,Lambaré,"Dr. Ernesto San Martin esquina, Lambaré 110719, Paraguay",0972 903027,https://wa.me/0972903027,3.66,5.0,1,YES,ESTETICA_DENTAL,6,ESTETICA_SONRISA
GUSTAVO CORONEL,Salon de Belleza,General,Ñemby,"Primer Presidente- Desvío a San Antonio y, Ñemby 111216, Paraguay",0992 498326,https://wa.me/0992498326,11.57,5.0,3,YES,"ATM_BRUXISMO,ESTETICA_DENTAL",6,ATM_BRUXISMO
PINK NAILS San Lorenzo Py,Uñas/Nails,Salon Uñas,San Lorenzo,"Las Colinas, San Lorenzo 111417, Paraguay",0985 576755,https://wa.me/0985576755,11.84,4.4,127,YES,ADJACENT_REFER,6,ADJACENT_GENERAL
DEDE MASAJEs,Spa/Wellness,General,Lambaré,"Paz del Chaco, Lambaré 110708, Paraguay",0991 940491,https://wa.me/0991940491,2.85,0.0,0,NO,ATM_BRUXISMO,6,ATM_BRUXISMO
Noe Estética Integral,Spa/Wellness,General,Ñemby,"Santa Rosa 394 c, Ñemby 2540, Paraguay",0991 501252,https://wa.me/0991501252,11.29,0.0,0,NO,"ATM_BRUXISMO,ESTETICA_DENTAL",6,ATM_BRUXISMO
Radiance Spa 🧖‍♀️,Spa/Wellness,Spa,Lambaré,"M92J+JFJ, Lambaré 110722, Paraguay",0971 376489,https://wa.me/0971376489,3.93,0.0,0,NO,ATM_BRUXISMO,6,ATM_BRUXISMO
Estudio 939. Pilates,Gimnasio/Fitness,Yoga/Pilates,Asunción,"Alfredo Seiferheld 4896, Asunción 1421, Paraguay",0986 347933,https://wa.me/0986347933,2.29,0.0,0,NO,ATM_BRUXISMO,6,ATM_BRUXISMO
Joseph Coiffure Carmelitas,Spa/Wellness,General,Asunción,"Av. España 1480, Asunción 001411, Paraguay",0981 452622,https://wa.me/0981452622,4.78,4.5,28,YES,ATM_BRUXISMO,6,ATM_BRUXISMO
Bar de Cejas,Pestañas/Cejas,General,282,"Julio Correa, 282 1429, Paraguay",(021) 728 8000,https://wa.me/0217288000,6.36,4.7,85,YES,ADJACENT_REFER,6,ADJACENT_GENERAL
CUMANA Wellness Club,Spa/Wellness,General,Asunción,"Av. España 2287, Asunción 1207, Paraguay",0984 309937,https://wa.me/0984309937,3.34,5.0,27,YES,ATM_BRUXISMO,6,ATM_BRUXISMO
Estética Lulú,Spa/Wellness,General,Villa Hayes,"c/ Margarita Pildayn, Villa Hayes 150502, Paraguay",0984681514,https://wa.me/0984681514,10.06,2.5,2,NO,"ATM_BRUXISMO,ESTETICA_DENTAL",6,ATM_BRUXISMO
"Spa Facial y Corporal Unisex ""Adonai""",Spa/Wellness,Spa,Ñemby,"La Lomita, Ñemby 111219, Paraguay",0985 839008,https://wa.me/0985839008,13.55,0.0,0,NO,"ATM_BRUXISMO,ESTETICA_DENTAL",6,ATM_BRUXISMO
Bar de Cejas,Pestañas/Cejas,General,Villa Elisa,"Americo Picco 2878 Villa Elisa, Villa Elisa 2610, Paraguay",(021) 728 8000,https://wa.me/0217288000,7.49,4.8,75,YES,ADJACENT_REFER,6,ADJACENT_GENERAL
Nails Therapy by Alejandra Delgado,Uñas/Nails,Salon Uñas,Lambaré,"Av. Cacique Lambare 112 casi, Lambaré 110725, Paraguay",0981 786991,https://wa.me/0981786991,4.02,5.0,5,YES,ATM_BRUXISMO,6,ATM_BRUXISMO
Clínica De Estética Integral Beauty & Relax,Otros,General,Asunción,"Av. Dr. Guido Boggiani 5976, Asunción 001416, Paraguay",(021) 604 537,https://wa.me/59521604537,4.21,3.7,3,NO,ESTETICA_DENTAL,6,ESTETICA_SONRISA
Salon Market - Luque,Salon de Belleza,General,Luque,"Balderrama &, PGJ5+FR4, 14 De Mayo, Luque 110930, Paraguay",0984 391552,https://wa.me/0984391552,13.03,4.8,32,YES,ESTETICA_DENTAL,6,ESTETICA_SONRISA
VM BEAUTY SALON,Salon de Belleza,General,Lambaré,"Pedro Juan Caballero, Lambaré 110718, Paraguay",0986 217037,https://wa.me/0986217037,3.27,0.0,0,NO,ESTETICA_DENTAL,6,ESTETICA_SONRISA
Nails By Jime,Uñas/Nails,Salon Uñas,Lambaré,"Mariscal Estigarribia 643, entre nanawa y, Lambaré 1107, Paraguay",0982 741456,https://wa.me/0982741456,4.28,4.4,7,YES,ATM_BRUXISMO,6,ATM_BRUXISMO
"Glow Spa, Lambare",Spa/Wellness,Spa,Lambaré,"Guarambare 5650, casi, Lambaré 110706, Paraguay",0993 545485,https://wa.me/0993545485,2.35,3.0,2,YES,ATM_BRUXISMO,6,ATM_BRUXISMO
Efecto Dara Nails & Beauty,Uñas/Nails,Salon Uñas,Villa Elisa,"1º de Mayo, Villa Elisa 2610, Paraguay",0986 856040,https://wa.me/0986856040,4.92,5.0,4,YES,ATM_BRUXISMO,6,ATM_BRUXISMO
Samasthiti Ashtanga Yoga Gurukula,Gimnasio/Fitness,Yoga/Pilates,Asunción,"Enrique Solano López 963, Asunción 1429, Paraguay",0981 202699,https://wa.me/0981202699,3.7,4.5,12,YES,ATM_BRUXISMO,6,ATM_BRUXISMO
Sonia González Beauty Palace,Spa/Wellness,General,Lambaré,"Av. República Argentina casi, Lambaré 2464, Paraguay",0982 825207,https://wa.me/0982825207,2.07,4.6,14,YES,ATM_BRUXISMO,6,ATM_BRUXISMO
skinexpertpy,Otros,General,Lambaré,"Petereby 776 c, Lambaré 110705, Paraguay",0986 827372,https://wa.me/0986827372,2.11,5.0,14,YES,ESTETICA_DENTAL,6,ESTETICA_SONRISA
The Yoga Room PY,Gimnasio/Fitness,Yoga/Pilates,Asunción,"Senador Long 724 Entre, Eusebio Lillo Robles y, Asunción 001411, Paraguay",0981 981570,https://wa.me/0981981570,4.45,5.0,2,YES,ATM_BRUXISMO,6,ATM_BRUXISMO
Le Salon Peluquería y Spa,Salon de Belleza,Spa,San Lorenzo,"Miraflores 395 y, San Lorenzo 111449, Paraguay",0984 945240,https://wa.me/0984945240,10.67,5.0,10,YES,"ATM_BRUXISMO,ESTETICA_DENTAL",6,ATM_BRUXISMO
Younique,Spa/Wellness,General,Asunción,"PC89+VRP, Augusto Roa Bastos, Asunción 001530, Paraguay",0984 900376,https://wa.me/0984900376,4.57,4.0,13,YES,ATM_BRUXISMO,6,ATM_BRUXISMO
Moksha Yoga & Pilates,Gimnasio/Fitness,Yoga/Pilates,Asunción,"Jose Ocampos Lanzoni 560, Asunción 001001, Paraguay",0991 637040,https://wa.me/0991637040,4.47,4.0,13,YES,ATM_BRUXISMO,6,ATM_BRUXISMO
Haven Salón de Belleza Carmelitas,Salon de Belleza,General,Asunción,"San Rafael 428, Asunción 001529, Paraguay",0993 583959,https://wa.me/0993583959,4.84,4.9,14,YES,ESTETICA_DENTAL,6,ESTETICA_SONRISA
Paradise Spa Py,Spa/Wellness,Spa,Lambaré,"Mcal. Estifarribia 114 c, Lambaré 1107, Paraguay",0981 119618,https://wa.me/0981119618,3.71,0.0,0,YES,ATM_BRUXISMO,6,ATM_BRUXISMO
Joseph Coiffure - Plaza Madero,Salon de Belleza,General,Luque,"Autop. Silvio Pettirossi, Luque 2060, Paraguay",0981 083266,https://wa.me/0981083266,11.77,3.9,47,YES,ESTETICA_DENTAL,6,ESTETICA_SONRISA
mosana Pilates Yoga Estudio,Gimnasio/Fitness,Yoga/Pilates,Asunción,"Dr. Toribio Pacheco 6157, Asunción 001416, Paraguay",0994 458368,https://wa.me/0994458368,4.1,5.0,7,YES,ATM_BRUXISMO,6,ATM_BRUXISMO
VELURE Cosmetología Estética,Estetica/Facial,General,Mariano Roque Alonso,"Mcal López, &, Mariano Roque Alonso 111009, Paraguay",0983 589398,https://wa.me/0983589398,13.89,0.0,0,NO,"ATM_BRUXISMO,ESTETICA_DENTAL",6,ATM_BRUXISMO
EWA Beauty Experience,Spa/Wellness,General,Lambaré,"M94P+G99, Av. Cacique Lambare, Lambaré 110721, Paraguay",0984 411521,https://wa.me/0984411521,3.33,4.6,7,YES,ATM_BRUXISMO,6,ATM_BRUXISMO
Gym ACOSTAATHLETIC,Gimnasio/Fitness,Gimnasio,Ñemby,"Acceso Sur casi, Ñemby 111314, Paraguay",0981 760517,https://wa.me/0981760517,14.35,4.9,78,NO,ADJACENT_REFER,5,ADJACENT_GENERAL
CRISTY GYM -TFFMedia,Gimnasio/Fitness,Gimnasio,Ñemby,"Simeon Gomez e 2540, Ñemby 111214, Paraguay",0972 193796,https://wa.me/0972193796,11.42,4.7,59,NO,ADJACENT_REFER,5,ADJACENT_GENERAL
319 GYM,Gimnasio/Fitness,Gimnasio,Mariano Roque Alonso,"Saturio Rios 319 casi, Av. Mariscal López, Mariano Roque Alonso 111009, Paraguay",0971 313940,https://wa.me/0971313940,13.93,4.7,70,NO,ADJACENT_REFER,5,ADJACENT_GENERAL
SERGIO FITNESS CENTER,Gimnasio/Fitness,Gimnasio,Luque,"José Concepción Ortíz, Luque 110929, Paraguay",0986 135278,https://wa.me/0986135278,14.2,4.8,58,NO,ADJACENT_REFER,5,ADJACENT_GENERAL
Zona Fitness Gym,Gimnasio/Fitness,Gimnasio,Mariano Roque Alonso,"QFQ6+PX2, Mariano Roque Alonso 111010, Paraguay",0972 151365,https://wa.me/0972151365,13.6,4.8,98,NO,ADJACENT_REFER,5,ADJACENT_GENERAL
Zona Fit - Plaza Madero,Gimnasio/Fitness,General,Luque,"Autopista Silvio Pettirossi, &, Luque 110917, Paraguay",0986 108875,https://wa.me/0986108875,11.75,4.8,80,NO,ADJACENT_REFER,5,ADJACENT_GENERAL
Luque Training,Gimnasio/Fitness,General,Luque,"Del Maestro Chei, Cnel. Oviedo, Luque 110933, Paraguay",0984 910808,https://wa.me/0984910808,12.11,4.9,66,NO,ADJACENT_REFER,5,ADJACENT_GENERAL
ONE GYM,Gimnasio/Fitness,Gimnasio,Luque,"Sportivo Luqueño, Luque 110930, Paraguay",0984 902237,https://wa.me/0984902237,12.79,4.5,82,NO,ADJACENT_REFER,5,ADJACENT_GENERAL
Gimnasio Oxigeno,Gimnasio/Fitness,Gimnasio,Mariano Roque Alonso,"Mariano Roque Alonso 111010, Paraguay",0971 871038,https://wa.me/0971871038,13.48,4.7,70,NO,ADJACENT_REFER,5,ADJACENT_GENERAL
R&O Fitness,Gimnasio/Fitness,General,Mariano Roque Alonso,"Calle Toledo, Mariano Roque Alonso Mariano Roque Alonso, Mariano Roque Alonso 2040, Paraguay",0984 707786,https://wa.me/0984707786,13.9,4.6,51,NO,ADJACENT_REFER,5,ADJACENT_GENERAL
Gimnasio Jessy Junior,Gimnasio/Fitness,Gimnasio,Ñemby,"JF42+G67, Ñemby 111214, Paraguay",0994 345862,https://wa.me/0994345862,10.75,4.6,65,NO,ADJACENT_REFER,5,ADJACENT_GENERAL
Family Gym,Gimnasio/Fitness,Gimnasio,San Lorenzo,"MF6W+3Q7, Av. Defensores del Chaco 917, San Lorenzo 2160, Paraguay",(021) 582 141,https://wa.me/59521582141,11.14,4.7,50,NO,ADJACENT_REFER,5,ADJACENT_GENERAL
LUQUE FIT Made in La República,Gimnasio/Fitness,General,Luque,"Julio Correa, &, Luque 110929, Paraguay",0992 263249,https://wa.me/0992263249,13.63,4.7,88,NO,ADJACENT_REFER,5,ADJACENT_GENERAL
Gym Pro Paraguay,Gimnasio/Fitness,Gimnasio,San Lorenzo,"MF4Q+JQJ, San Lorenzo 111422, Paraguay",0986 874797,https://wa.me/0986874797,10.51,4.6,74,NO,ADJACENT_REFER,5,ADJACENT_GENERAL
General Gym,Gimnasio/Fitness,Gimnasio,San Lorenzo,"Santos Mendoza, San Lorenzo 111412, Paraguay",0982 650013,https://wa.me/0982650013,11.57,4.7,94,NO,ADJACENT_REFER,5,ADJACENT_GENERAL
Interfashion Peluqueria,Peluqueria,General,San Lorenzo,"Carmen de Lara Castro, San Lorenzo 2160, Paraguay",0983 156157,https://wa.me/0983156157,11.64,4.8,81,NO,ADJACENT_REFER,5,ADJACENT_GENERAL
Celmar Intercoiffure,Peluqueria,General,San Lorenzo,"MF5Q+RV7, San Lorenzo 111423, Paraguay",0981 719206,https://wa.me/0981719206,10.44,4.6,63,NO,ADJACENT_REFER,5,ADJACENT_GENERAL
Peluqueria Elio,Peluqueria,General,San Lorenzo,"MF4V+456, Julia Miranda Cueto, San Lorenzo 111423, Paraguay",0971 736692,https://wa.me/0971736692,10.89,4.6,66,NO,ADJACENT_REFER,5,ADJACENT_GENERAL
Maciel Hair Concept,Peluqueria,General,San Lorenzo,"Ave Manuel Ortiz Guerrero, San Lorenzo 111473, Paraguay",0994 901411,https://wa.me/0994901411,11.69,4.9,70,NO,ADJACENT_REFER,5,ADJACENT_GENERAL
Premier Fitness Club - Mariano Roque Alonso,Gimnasio/Fitness,General,Mariano Roque Alonso,"1er. Piso, Paseo Alameda, Ruta Internacional Transchaco y, Mariano Roque Alonso 2040, Paraguay",0982 527870,https://wa.me/0982527870,11.45,4.3,52,NO,ADJACENT_REFER,5,ADJACENT_GENERAL
La Pelu de la Chuchi,Peluqueria,General,San Lorenzo,"Nilo Meyer casi, San Lorenzo 2160, Paraguay",0971 944090,https://wa.me/0971944090,11.56,4.8,69,NO,ADJACENT_REFER,5,ADJACENT_GENERAL
Pablito barbershop,Barberia,General,Ñemby,"Ñemby 111221, Paraguay",0972 843458,https://wa.me/0972843458,14.01,4.7,70,NO,ADJACENT_REFER,5,ADJACENT_GENERAL
Angel Barber Py,Barberia,General,San Lorenzo,"Ave Eugenio A. Garay, San Lorenzo 111409, Paraguay",0994 882966,https://wa.me/0994882966,10.3,4.9,52,NO,ADJACENT_REFER,5,ADJACENT_GENERAL
hectorbarberstudio,Barberia,General,Mariano Roque Alonso,"Km15.1/2 transchaco Transchaco 0971566833 Mariano Roque Alonso, Mariano Roque Alonso 2040, Paraguay",0971 566833,https://wa.me/0971566833,13.13,4.8,74,NO,ADJACENT_REFER,5,ADJACENT_GENERAL
JOSEPH Shopping San Lorenzo,Peluqueria,General,San Lorenzo,"San Lorenzo 111427, Paraguay",0982 558760,https://wa.me/0982558760,12.65,4.3,98,NO,ADJACENT_REFER,5,ADJACENT_GENERAL
Go Pilates Fdo Zona Norte,Gimnasio/Fitness,Yoga/Pilates,Fernando de la Mora,"Teniente Ettiene, Fernando de la Mora 110309, Paraguay",0972 180808,https://wa.me/0972180808,7.06,4.8,23,NO,ATM_BRUXISMO,5,ATM_BRUXISMO
MARY SPA,Spa/Wellness,Spa,Fernando de la Mora,"Tte. Cnel. Alfredo Ramos 1996, Fernando de la Mora 110301, Paraguay",0985 987439,https://wa.me/0985987439,7.3,5.0,24,NO,ATM_BRUXISMO,5,ATM_BRUXISMO
RINO GYM,Gimnasio/Fitness,Gimnasio,Mariano Roque Alonso,"2040, Mariano Roque Alonso 111019, Paraguay",0984 000011,https://wa.me/0984000011,12.27,4.7,67,YES,ADJACENT_REFER,5,ADJACENT_GENERAL
Bella Vida Spa,Spa/Wellness,Spa,Fernando de la Mora,"Avda. Laguna Grande &, MFRC+CM3, Libertad, Fernando de la Mora 110311, Paraguay",0981 320052,https://wa.me/0981320052,8.23,4.5,21,NO,ATM_BRUXISMO,5,ATM_BRUXISMO
Dos Jazmines Spa,Spa/Wellness,Spa,Fernando de la Mora,"Pedro Getto 376 casi Rio Yhaguy Fernando de la Mora, Fernando de la Mora 2300, Paraguay",0981 249933,https://wa.me/0981249933,5.43,5.0,21,NO,ATM_BRUXISMO,5,ATM_BRUXISMO
Piercing & Tattoo Yakaré Pajhe,Tatuajes/Piercing,Piercing Studio,San Lorenzo,"MF3V+W2Q, San Lorenzo 111430, Paraguay",0981 497868,https://wa.me/0981497868,10.88,4.7,95,NO,ADJACENT_REFER,5,ADJACENT_GENERAL
Glow Spa Py,Spa/Wellness,Spa,Asunción,"Domingo Portillo 1542, Asunción 001520, Paraguay",0985 900533,https://wa.me/0985900533,6.47,4.8,23,NO,ATM_BRUXISMO,5,ATM_BRUXISMO
YogaFitness,Gimnasio/Fitness,Yoga/Pilates,Fernando de la Mora,"Paí Marcos esquina, Fernando de la Mora 110303, Paraguay",0984 659934,https://wa.me/0984659934,8.11,4.8,25,NO,ATM_BRUXISMO,5,ATM_BRUXISMO
Mbarete CrossFit,Gimnasio/Fitness,CrossFit,Luque,"QF4W+V26, America, Luque 2060, Paraguay",0986 224939,https://wa.me/0986224939,13.2,4.8,51,YES,ADJACENT_REFER,5,ADJACENT_GENERAL
Ar Gym,Gimnasio/Fitness,Gimnasio,Ñemby,"JFF6+6R7, Av. Moisés Bertoni, Ñemby 111205, Paraguay",0972 158118,https://wa.me/0972158118,10.07,4.7,54,YES,ADJACENT_REFER,5,ADJACENT_GENERAL
Let's Go Gym,Gimnasio/Fitness,Gimnasio,Ñemby,"Av. Caaguazú N° 111, Ñemby 111222, Paraguay",0972 483481,https://wa.me/0972483481,12.17,4.7,62,YES,ADJACENT_REFER,5,ADJACENT_GENERAL
MegaCosméticos Mariano Roque Alonso,Otros,General,Mariano Roque Alonso,"Ruta Transchaco esquina, Mariano Roque Alonso 111010, Paraguay",0984 994979,https://wa.me/0984994979,13.76,4.6,69,NO,ADJACENT_REFER,5,ADJACENT_GENERAL
Gato Tattoo,Tatuajes/Piercing,General,Ñemby,"JF44+M4M, Acceso Sur, Ñemby 111214, Paraguay",0991 258494,https://wa.me/0991258494,10.99,4.9,86,NO,ADJACENT_REFER,5,ADJACENT_GENERAL
CHARME SAN LORENZO,Otros,General,San Lorenzo,"MF5R+7VW, San Lorenzo 111423, Paraguay",0982 139287,https://wa.me/0982139287,10.73,4.7,53,NO,ADJACENT_REFER,5,ADJACENT_GENERAL
Mi Spacio,Spa/Wellness,Spa,Fernando de la Mora,"MFP8+PPV, Coronel Jose Ortiz, Fernando de la Mora 110310, Paraguay",0981 814240,https://wa.me/0981814240,7.72,4.9,20,NO,ATM_BRUXISMO,5,ATM_BRUXISMO
PELUQUERÍA Y BARBERÍA SEGOVIA,Peluqueria,General,Ñemby,"Cap. Bado, Ñemby 111214, Paraguay",0984 629407,https://wa.me/0984629407,10.12,4.9,87,YES,ADJACENT_REFER,5,ADJACENT_GENERAL
Tercer Cielo Club,Salon de Belleza,General,Villa Elisa,"JCP8+GW9, Venezuela, Villa Elisa 111507, Paraguay",0961 799999,https://wa.me/0961799999,6.17,4.9,21,NO,ESTETICA_DENTAL,5,ESTETICA_SONRISA
Botica Magistral - San Lorenzo,Otros,General,San Lorenzo,"Julia Miranda Cueto, San Lorenzo 111423, Paraguay",(021) 582 356,https://wa.me/59521582356,11.1,4.2,90,NO,ADJACENT_REFER,5,ADJACENT_GENERAL
Salón de Belleza Andrea Unisex,Peluqueria,General,Fernando de la Mora,"Teniente Ettiene casi, Fernando de la Mora 110309, Paraguay",0994 258424,https://wa.me/0994258424,7.24,4.7,21,NO,ESTETICA_DENTAL,5,ESTETICA_SONRISA
Peluqueria Carmen Lazzarini,Peluqueria,General,Mariano Roque Alonso,"Av Remanso, Mariano Roque Alonso 111013, Paraguay",0994 221204,https://wa.me/0994221204,14.92,4.8,63,YES,ADJACENT_REFER,5,ADJACENT_GENERAL
AVANI cuidados de la belleza,Salon de Belleza,General,Fernando de la Mora,"Del Carmen &, MFQF+X76, Benza Carrera, Fernando de la Mora 110311, Paraguay",0994 202928,https://wa.me/0994202928,8.37,4.7,25,NO,ESTETICA_DENTAL,5,ESTETICA_SONRISA
Anails Beauty Bar,Uñas/Nails,Salon Uñas,San Lorenzo,"Manuel Ortiz Guerrero, San Lorenzo 111430, Paraguay",0991 450203,https://wa.me/0991450203,11.15,4.0,80,NO,ADJACENT_REFER,5,ADJACENT_GENERAL
LIZ BORDON STUDIO DE BELLEZA,Salon de Belleza,General,Fernando de la Mora,"Rio Yhaguy, Fernando de la Mora 110309, Paraguay",0982 230720,https://wa.me/0982230720,6.27,5.0,24,NO,ESTETICA_DENTAL,5,ESTETICA_SONRISA
Julia Ruiz Beauty Center,Salon de Belleza,General,Asunción,"Eusebio Lillo Robles 3063, Asunción 1026, Paraguay",0985 300814,https://wa.me/0985300814,6.07,4.9,28,NO,ESTETICA_DENTAL,5,ESTETICA_SONRISA
Salón de Belleza Lucy,Salon de Belleza,General,Villa Elisa,"JCMF+59R, Villa Elisa 111509, Paraguay",0983 341407,https://wa.me/0983341407,6.78,4.8,24,NO,ESTETICA_DENTAL,5,ESTETICA_SONRISA
TROYANOS BARBERÍA,Barberia,General,Luque,"Del Maestro, Luque 110933, Paraguay",0971 323136,https://wa.me/0971323136,11.87,4.9,69,YES,ADJACENT_REFER,5,ADJACENT_GENERAL
El Varón Barbershop San Lorenzo,Barberia,General,San Lorenzo,"Marcelina Insfran, San Lorenzo 111431, Paraguay",0984 830749,https://wa.me/0984830749,10.39,4.7,63,YES,ADJACENT_REFER,5,ADJACENT_GENERAL
Barbero Roga,Barberia,General,San Lorenzo,"Hernandarias &, MF2Q+6FC, Tte Benitez, San Lorenzo 111430, Paraguay",0971 707729,https://wa.me/0971707729,10.67,4.6,58,YES,ADJACENT_REFER,5,ADJACENT_GENERAL
Barbería JOAHO,Barberia,General,San Lorenzo,"Gonzalez Alsina, San Lorenzo 111453, Paraguay",0976 578200,https://wa.me/0976578200,12.07,4.9,55,YES,ADJACENT_REFER,5,ADJACENT_GENERAL
Spa Eroses,Spa/Wellness,Spa,Fernando de la Mora,"Nicasio Villalba 2148csdi, Libertad, Fernando de la Mora 110303, Paraguay",0993 599953,https://wa.me/0993599953,7.95,4.9,12,NO,ATM_BRUXISMO,5,ATM_BRUXISMO
Flow Pilates,Gimnasio/Fitness,Yoga/Pilates,Asunción,"Cnel. Felix Cabrera 1468, Asunción 001410, Paraguay",0981 879864,https://wa.me/0981879864,6.0,4.8,12,NO,ATM_BRUXISMO,5,ATM_BRUXISMO
Up pilates,Gimnasio/Fitness,Yoga/Pilates,Zona Norte,"La salle/c/Campo Via Fernando de la mora, Zona Norte 110312, Paraguay",0991 372929,https://wa.me/0991372929,7.6,5.0,18,NO,ATM_BRUXISMO,5,ATM_BRUXISMO
Luces Center Experience,Spa/Wellness,General,Lambaré,"Lambaré 110726, Paraguay",0985 604585,https://wa.me/0985604585,6.26,4.5,15,NO,ATM_BRUXISMO,5,ATM_BRUXISMO
Fisio Fit Sucursal 1,Spa/Wellness,General,Fernando de la Mora,"Asunción 755 casi, Fernando de la Mora 1103, Paraguay",0983 867995,https://wa.me/0983867995,5.18,4.8,17,NO,ATM_BRUXISMO,5,ATM_BRUXISMO
Mística Spa,Spa/Wellness,Spa,Ñemby,"Cesar Barrientos, Ñemby 2540, Paraguay",0984 142488,https://wa.me/0984142488,7.4,5.0,10,NO,ATM_BRUXISMO,5,ATM_BRUXISMO
Namaste Spa Male,Spa/Wellness,Spa,Asunción,"Dr. Carlos Abdala 1006, Asunción 001528, Paraguay",0985 660289,https://wa.me/0985660289,5.73,3.9,29,NO,ATM_BRUXISMO,5,ATM_BRUXISMO
A&A Centro De Belleza,Salon de Belleza,General,Fernando de la Mora,"piribebuy casi, Fernando de la Mora 110313, Paraguay",0981 112602,https://wa.me/0981112602,8.42,4.6,13,NO,ESTETICA_DENTAL,5,ESTETICA_SONRISA
NIL'STETIC. ESTETICA & PELUQUERIA UNISEX.,Peluqueria,Peluqueria Unisex,Fernando de la Mora,"NICASIO VILLALBA ESQ, Cnel. Vicente Machuca, Fernando de la Mora 110311, Paraguay",0981 648372,https://wa.me/0981648372,8.83,4.9,19,NO,ESTETICA_DENTAL,5,ESTETICA_SONRISA
Norma Campuzano Depilación.,Salon de Belleza,General,Ñemby,"JFF5+5M6, Av. Moisés Bertoni, Ñemby 111205, Paraguay",0986 211131,https://wa.me/0986211131,9.87,5.0,15,NO,ESTETICA_DENTAL,5,ESTETICA_SONRISA
Mabe Caballero,Salon de Belleza,General,Lambaré,"J9RX+FW9, Panambi Vera, Lambaré 110731, Paraguay",0972 237128,https://wa.me/0972237128,5.08,5.0,10,NO,ESTETICA_DENTAL,5,ESTETICA_SONRISA
Gaby Lopez Salon De Belleza,Salon de Belleza,General,Fernando de la Mora,"MFF6+H24, Aca Caraya, Fernando de la Mora 110312, Paraguay",0992 878555,https://wa.me/0992878555,7.17,4.9,14,NO,ESTETICA_DENTAL,5,ESTETICA_SONRISA
Alisson Martínez Studio,Salon de Belleza,General,Fernando de la Mora,"Pettirossi, Fernando de la Mora 110309, Paraguay",0985 112090,https://wa.me/0985112090,7.16,5.0,11,NO,ESTETICA_DENTAL,5,ESTETICA_SONRISA
Yinde Glam,Salon de Belleza,General,Asunción,"Carlos Alberto Gómez, Asunción 001519, Paraguay",0982 288191,https://wa.me/0982288191,7.42,5.0,12,NO,ESTETICA_DENTAL,5,ESTETICA_SONRISA
Mburukuja Belleza Guaraní,Peluqueria,General,Asunción,"Santa Lucía &, Cesar Lopez Moreira, Asunción 001527, Paraguay",0985 416666,https://wa.me/0985416666,5.78,4.8,12,NO,ESTETICA_DENTAL,5,ESTETICA_SONRISA
Spa Cris,Spa/Wellness,Spa,Fernando de la Mora,"MF52+3XF, Fernando de la Mora 110315, Paraguay",0982 313498,https://wa.me/0982313498,7.02,4.3,12,NO,ATM_BRUXISMO,5,ATM_BRUXISMO
Blossom nails salon,Salon de Belleza,Salon Uñas,Fernando de la Mora,"Paz del Chaco casi, Fernando de la Mora 110331, Paraguay",0981 676610,https://wa.me/0981676610,5.83,4.9,11,NO,ESTETICA_DENTAL,5,ESTETICA_SONRISA
DEPICENTER CORONEL CAZAL 2331,Salon de Belleza,General,Fernando de la Mora,"Cnel. Cazal 2331 esquina, Fernando de la Mora 110312, Paraguay",0982 141305,https://wa.me/0982141305,7.99,4.7,18,NO,ESTETICA_DENTAL,5,ESTETICA_SONRISA
DE LA CRUZ - Nails Spa,Spa/Wellness,Spa,Fernando de la Mora,"Sta. Carolina e/ Ingavi Fernando de la Mora Zona Norte, Fernando de la Mora 2300, Paraguay",0986 603800,https://wa.me/0986603800,8.18,4.3,19,NO,ATM_BRUXISMO,5,ATM_BRUXISMO
Magui Fernández-Depilación femenina,Salon de Belleza,General,Fernando de la Mora,"Nicasio Villalba &, MFR9+H8X, 3 de Febrero, Fernando de la Mora 110303, Paraguay",0981 182647,https://wa.me/0981182647,7.9,5.0,18,NO,ESTETICA_DENTAL,5,ESTETICA_SONRISA
Casani box,Spa/Wellness,CrossFit,Villa Elisa,"Cedro 197, Villa Elisa 2610, Paraguay",0992 311063,https://wa.me/0992311063,5.89,4.9,9,NO,ATM_BRUXISMO,5,ATM_BRUXISMO
Zenith Pilates,Gimnasio/Fitness,Yoga/Pilates,Fernando de la Mora,"MFR4+7WV, Bejarano, Fernando de la Mora 110304, Paraguay",0971 201020,https://wa.me/0971201020,6.79,5.0,25,YES,ATM_BRUXISMO,5,ATM_BRUXISMO
"Andrea Fleitas Nails, Spa De Manos",Spa/Wellness,Spa,Ñemby,"Juan del Castillo, Ñemby 111208, Paraguay",0991 847171,https://wa.me/0991847171,8.58,4.6,5,NO,ATM_BRUXISMO,5,ATM_BRUXISMO
NU Pilates Studio Fernando,Gimnasio/Fitness,Yoga/Pilates,Fernando de la Mora,"Soldado Ovelar casi, Fernando de la Mora 2300, Paraguay",0972 677200,https://wa.me/0972677200,5.22,4.8,6,NO,ATM_BRUXISMO,5,ATM_BRUXISMO
COSMETICLAND Paraguay,Estetica/Facial,General,Asunción,"Duplex 1. SIN CARTEL, Mayor Agileo casi, Asunción 001418, Paraguay",0983 577336,https://wa.me/0983577336,5.0,4.5,28,NO,ESTETICA_DENTAL,5,ESTETICA_SONRISA
Angie Pilates,Gimnasio/Fitness,Yoga/Pilates,Fernando de la Mora,"Mainumby 1440, Fernando de la Mora 110304, Paraguay",0992 536178,https://wa.me/0992536178,6.87,5.0,7,NO,ATM_BRUXISMO,5,ATM_BRUXISMO
Karina Palacios Pilates Studio,Gimnasio/Fitness,Yoga/Pilates,Fernando de la Mora,"Cecilio Baez y, Fernando de la Mora 110307, Paraguay",0984 344100,https://wa.me/0984344100,6.27,5.0,9,NO,ATM_BRUXISMO,5,ATM_BRUXISMO
Zora Benitez Pilates,Gimnasio/Fitness,Yoga/Pilates,Fernando de la Mora,"Fulgencio Yegros, Fernando de la Mora 110323, Paraguay",0991 520579,https://wa.me/0991520579,5.35,5.0,8,NO,ATM_BRUXISMO,5,ATM_BRUXISMO
Masaje terapéutico Jacqueline Rolón,Spa/Wellness,General,Villa Elisa,"JCG3+9JX, Virgen de la Encarnacion, Villa Elisa 111513, Paraguay",0982 748507,https://wa.me/0982748507,6.82,5.0,9,NO,ATM_BRUXISMO,5,ATM_BRUXISMO
Ara Barboz Makeup,Maquillaje,General,Ñemby,"Sta. Rosa casi, Ñemby 111217, Paraguay",0984 906961,https://wa.me/0984906961,11.71,5.0,65,YES,ADJACENT_REFER,5,ADJACENT_GENERAL
Verte Bella Spa,Spa/Wellness,Spa,San Lorenzo,"JFW6+GCQ, Av. Avelino Martínez, San Lorenzo 111444, Paraguay",0994 705504,https://wa.me/0994705504,8.4,5.0,8,NO,ATM_BRUXISMO,5,ATM_BRUXISMO
Nuwa Spa Vip,Spa/Wellness,Spa,Fernando de la Mora,"Norte, Fernando de la Mora 1084, Paraguay",0973 691976,https://wa.me/0973691976,6.89,5.0,8,NO,ATM_BRUXISMO,5,ATM_BRUXISMO
Beautyfreespa,Spa/Wellness,Spa,Fernando de la Mora,"Cnel Franco e, Pettirossi, Fernando de la Mora 110309, Paraguay",0981 113211,https://wa.me/0981113211,6.75,4.9,9,NO,ATM_BRUXISMO,5,ATM_BRUXISMO
Justin SPA.,Spa/Wellness,Spa,Fernando de la Mora,"1° de Mayo N° 753, Dr. Molina y, Fernando de la Mora 2300, Paraguay",0982 624680,https://wa.me/0982624680,7.03,5.0,5,NO,ATM_BRUXISMO,5,ATM_BRUXISMO
SPA IMPERIO,Spa/Wellness,Spa,Fernando de la Mora,"Teniente Ettiene 2690, Fernando de la Mora 0000, Paraguay",0973 325610,https://wa.me/0973325610,7.4,5.0,6,NO,ATM_BRUXISMO,5,ATM_BRUXISMO
Opali studio spa,Spa/Wellness,Spa,Villa Elisa,"Comendador Picolo 1021 esquina santa rosa, Villa Elisa 111512, Paraguay",0982 674753,https://wa.me/0982674753,7.19,5.0,6,NO,ATM_BRUXISMO,5,ATM_BRUXISMO
Stilo Nails,Uñas/Nails,Salon Uñas,Villa Elisa,"c, Laurel, Villa Elisa 111503, Paraguay",0984 476768,https://wa.me/0984476768,6.15,4.9,23,NO,ATM_BRUXISMO,5,ATM_BRUXISMO
Bonita Coiffure Centro de bellezas​,Salon de Belleza,General,Fernando de la Mora,"María felicidad González 926, Fernando de la Mora 2300, Paraguay",0983 355345,https://wa.me/0983355345,5.14,4.3,17,NO,ESTETICA_DENTAL,5,ESTETICA_SONRISA
Salón de Belleza EMI,Salon de Belleza,General,Asunción,"Víctor Hugo 1741, Asunción 001535, Paraguay",0981 615601,https://wa.me/0981615601,5.22,4.3,12,NO,ESTETICA_DENTAL,5,ESTETICA_SONRISA
Crisna Beauty Salon,Salon de Belleza,General,Villa Elisa,"0001 Villa Elisa, Villa Elisa 0001, Paraguay",0993 588897,https://wa.me/0993588897,6.33,5.0,8,NO,ESTETICA_DENTAL,5,ESTETICA_SONRISA
Mia Centro de Estetica,Estetica/Facial,Centro Estetica,Villa Elisa,"JCRF+VHX, Paraguay, Villa Elisa 111508, Paraguay",(021) 338 3762,https://wa.me/0213383762,5.95,4.3,29,NO,ESTETICA_DENTAL,5,ESTETICA_SONRISA
CAMI NAILS spa,Spa/Wellness,Spa,Villa Elisa,"JC78+9JV, Villa Elisa 111517, Paraguay",0987 217249,https://wa.me/0987217249,8.49,4.0,8,NO,ATM_BRUXISMO,5,ATM_BRUXISMO
Serenity Beauty Salón,Salon de Belleza,General,Villa Elisa,"mandyju pekua, Villa Elisa 111516, Paraguay",0984 362111,https://wa.me/0984362111,8.49,5.0,5,NO,ESTETICA_DENTAL,5,ESTETICA_SONRISA
Paty Valdéz_Studio de Belleza,Peluqueria,General,Lambaré,"Saturio Ríos casi, Lambaré 110733, Paraguay",0984 675682,https://wa.me/0984675682,5.63,5.0,7,NO,ESTETICA_DENTAL,5,ESTETICA_SONRISA
La Divina Moda,Salon de Belleza,General,Villa Elisa,"Mcal. Estigarribia, Villa Elisa 111502, Paraguay",0981 003063,https://wa.me/0981003063,5.11,5.0,8,NO,ESTETICA_DENTAL,5,ESTETICA_SONRISA
WA Centro de Belleza F/M,Salon de Belleza,General,Villa Elisa,"Valentino Manuel, Villa Elisa 111503, Paraguay",0994 894304,https://wa.me/0994894304,5.41,4.5,8,NO,ESTETICA_DENTAL,5,ESTETICA_SONRISA
Ninfa Ortiz Studio,Salon de Belleza,General,Villa Elisa,"Itá 128, Villa Elisa 111513, Paraguay",0973 587083,https://wa.me/0973587083,6.8,5.0,7,NO,ESTETICA_DENTAL,5,ESTETICA_SONRISA
DEPILATE - Distinción en tu piel,Salon de Belleza,General,Fernando de la Mora,"Monseñor Francisco Bogarín 1639, Benjamín Aceval, Fernando de la Mora Fernando de la Mora, Fernando de la Mora 2300, Paraguay",0971 504448,https://wa.me/0971504448,6.25,4.8,20,YES,ESTETICA_DENTAL,5,ESTETICA_SONRISA
Aqua Spa,Spa/Wellness,Spa,Fernando de la Mora,"MFV6+WV5, Fernando de la Mora 110303, Paraguay",0986 723883,https://wa.me/0986723883,7.33,4.2,20,YES,ATM_BRUXISMO,5,ATM_BRUXISMO
Deidy Ruiz COIFFURE,Salon de Belleza,General,Fernando de la Mora,"MFC3+65F, Fernando de la Mora 110318, Paraguay",0982 121786,https://wa.me/0982121786,6.55,4.8,25,YES,ESTETICA_DENTAL,5,ESTETICA_SONRISA
Mirian Estilista,Salon de Belleza,General,Fernando de la Mora,"Prof. Ilda, Prof. Morales casi, Fernando de la Mora 110318, Paraguay",0994 445460,https://wa.me/0994445460,6.13,5.0,5,NO,ESTETICA_DENTAL,5,ESTETICA_SONRISA
Depfinite,Salon de Belleza,General,Fernando de la Mora,"Nicasio Villalba esquina, Fernando de la Mora 110311, Paraguay",0971 645122,https://wa.me/0971645122,8.03,5.0,8,NO,ESTETICA_DENTAL,5,ESTETICA_SONRISA
RITUALS Beauty Studio,Salon de Belleza,General,Fernando de la Mora,"Ingavi, Fernando de la Mora 2300, Paraguay",0994 129798,https://wa.me/0994129798,8.15,5.0,6,NO,ESTETICA_DENTAL,5,ESTETICA_SONRISA
AIDEE COIFFURE,Salon de Belleza,General,Villa Elisa,"24 de Junio, &, Villa Elisa 111505, Paraguay",0981 183247,https://wa.me/0981183247,5.66,4.7,7,NO,ESTETICA_DENTAL,5,ESTETICA_SONRISA
Salón de Belleza CLARY,Salon de Belleza,General,Ñemby,"Ñemby 111201, Paraguay",0984 368220,https://wa.me/0984368220,8.54,4.9,9,NO,ESTETICA_DENTAL,5,ESTETICA_SONRISA
Alma Spa,Spa/Wellness,Spa,San Lorenzo,"Jacaranda, Tajy, San Lorenzo 111403, Paraguay",0974 232300,https://wa.me/0974232300,9.24,4.3,6,NO,ATM_BRUXISMO,5,ATM_BRUXISMO
De la Cruz - Nails Spa,Spa/Wellness,Spa,Fernando de la Mora,"Julia Miranda Cueto casi Pitiantuta Fernando de la Mora zona sur, Fernando de la Mora 1234, Paraguay",0985 575557,https://wa.me/0985575557,6.14,4.0,21,YES,ATM_BRUXISMO,5,ATM_BRUXISMO
Spa Eden Molas,Spa/Wellness,Spa,Asunción,"PCGG+WW4, Comandante Pascual Urdapilleta, Asunción 001528, Paraguay",0994 946299,https://wa.me/0994946299,5.93,5.0,2,NO,ATM_BRUXISMO,5,ATM_BRUXISMO
María Cecilia Estudio de Pilates,Gimnasio/Fitness,Yoga/Pilates,Fernando de la Mora,"Ingavi, e/Confuso y, Fernando de la Mora 110310, Paraguay",0971 858864,https://wa.me/0971858864,8.36,5.0,1,NO,ATM_BRUXISMO,5,ATM_BRUXISMO
Infinity Pilates Studio,Gimnasio/Fitness,Yoga/Pilates,Fernando de la Mora,"110312, Teniente Ettiene, Fernando de la Mora 110312, Paraguay",0982 493635,https://wa.me/0982493635,7.16,5.0,10,YES,ATM_BRUXISMO,5,ATM_BRUXISMO
"""Tu espacio y yo"" by chichu valiente",Spa/Wellness,Spa,Fernando de la Mora,"2309 Fernando de la Mora, Fernando de la Mora 2309, Paraguay",0983 336801,https://wa.me/0983336801,6.41,5.0,17,YES,ATM_BRUXISMO,5,ATM_BRUXISMO
Reductores Py Spa,Spa/Wellness,Spa,Fernando de la Mora,"MC3M+V78, Fernando de la Mora 110331, Paraguay",0974 951785,https://wa.me/0974951785,5.56,5.0,1,NO,ATM_BRUXISMO,5,ATM_BRUXISMO
Go Pilates Fdo Zona Sur,Gimnasio/Fitness,Yoga/Pilates,Fernando de la Mora,"MF85+58Q, Leopardi, Fernando de la Mora 110314, Paraguay",0972 180808,https://wa.me/0972180808,7.24,5.0,1,NO,ATM_BRUXISMO,5,ATM_BRUXISMO
Tanya Beauty Express & Spa,Spa/Wellness,Spa,Fernando de la Mora,"0981403962, Ingavi esquina, Fernando de la Mora 110312, Paraguay",0981 403962,https://wa.me/0981403962,8.11,5.0,2,NO,ATM_BRUXISMO,5,ATM_BRUXISMO
Nuwa spa vip,Spa/Wellness,Spa,Lambaré,"110701, Lambaré 110701, Paraguay",0973 691976,https://wa.me/0973691976,5.64,5.0,2,NO,ATM_BRUXISMO,5,ATM_BRUXISMO
Body and Soul Spa,Spa/Wellness,Spa,Lambaré,"Avambachi 1216, Lambaré 110727, Paraguay",0994 183718,https://wa.me/0994183718,6.21,5.0,2,NO,ATM_BRUXISMO,5,ATM_BRUXISMO
Dra. de Cejas - Home Studio,Pestañas/Cejas,General,Lambaré,"Manuel Alonso casi, Lambaré 001310, Paraguay",0974 974881,https://wa.me/0974974881,6.63,5.0,15,NO,ATM_BRUXISMO,5,ATM_BRUXISMO
Kali Estudio | Vinyasa y Ashtanga Yoga,Gimnasio/Fitness,Yoga/Pilates,Luque,"PF7G+HQW, Luque 110939, Paraguay",0985 691544,https://wa.me/0985691544,9.28,5.0,18,YES,ATM_BRUXISMO,5,ATM_BRUXISMO
Santo Pilates,Gimnasio/Fitness,Yoga/Pilates,Asunción,"PC3V+W85, Jose L Duarte, Asunción 001406, Paraguay",0991 936886,https://wa.me/0991936886,5.76,5.0,10,YES,ATM_BRUXISMO,5,ATM_BRUXISMO
Aroma Spa (Ibo Benitez),Spa/Wellness,Spa,Villa Elisa,"JCJC+XWF, San Jorge, Villa Elisa 111509, Paraguay",0986 570125,https://wa.me/0986570125,6.78,5.0,1,NO,ATM_BRUXISMO,5,ATM_BRUXISMO
H.G. FISIO - SPA Bienestar,Spa/Wellness,Spa,Villa Elisa,"JC76+P83, Villa Elisa 111514, Paraguay",0991 831720,https://wa.me/0991831720,8.28,5.0,1,NO,ATM_BRUXISMO,5,ATM_BRUXISMO
Stephy Nails Spa,Spa/Wellness,Spa,Villa Elisa,"pico entre nanawa, Av. Americo Picco, Villa Elisa 2218, Paraguay",0982 812675,https://wa.me/0982812675,7.43,4.7,3,NO,ATM_BRUXISMO,5,ATM_BRUXISMO
Athenas Spa,Spa/Wellness,Spa,Luque,"PF26+M4P, Centenario De La Epopeya Nacional, Luque 110302, Paraguay",0991 688721,https://wa.me/0991688721,7.28,5.0,1,NO,ATM_BRUXISMO,5,ATM_BRUXISMO
Ara Nails SPA de manos,Spa/Wellness,Spa,Villa Elisa,"JCQG+X9R Alamo, Villa Elisa 111509, Paraguay",0981 843282,https://wa.me/0981843282,6.26,5.0,1,NO,ATM_BRUXISMO,5,ATM_BRUXISMO
Andrea Yambay Spa de uñas,Spa/Wellness,Spa,Villa Elisa,"JCH8+88X, Av. Enrique Von Poleski esq, Villa Elisa 111510, Paraguay",0994 984008,https://wa.me/0994984008,6.92,5.0,3,NO,ATM_BRUXISMO,5,ATM_BRUXISMO
Cute Nails Spa,Spa/Wellness,Spa,Villa Elisa,"Av. Americo Picco casi, Villa Elisa 111509, Paraguay",0986 664875,https://wa.me/0986664875,6.2,5.0,2,NO,ATM_BRUXISMO,5,ATM_BRUXISMO
Pol Pilates,Gimnasio/Fitness,Yoga/Pilates,San Lorenzo,"MF65+8G2, Reconstrucción Nacional, San Lorenzo 111439, Paraguay",0992 583000,https://wa.me/0992583000,7.46,5.0,12,YES,ATM_BRUXISMO,5,ATM_BRUXISMO
Pilates y Gimnasia Terapeutica - Lic. Vanina Caribaux,Gimnasio/Fitness,Yoga/Pilates,San Lorenzo,"Paraguay esq, San Lorenzo 111441, Paraguay",0991 962986,https://wa.me/0991962986,7.85,5.0,1,NO,ATM_BRUXISMO,5,ATM_BRUXISMO
SPA de Rostro LGV,Spa/Wellness,Spa,Lambaré,"Prof. Manuel González y, Lambaré 0000, Paraguay",0981 793937,https://wa.me/0981793937,5.66,5.0,1,NO,ATM_BRUXISMO,5,ATM_BRUXISMO
Kamba Cuidados Corporales,Spa/Wellness,General,Ñemby,"Ñemby 111204, Paraguay",0981 149922,https://wa.me/0981149922,9.43,5.0,2,NO,ATM_BRUXISMO,5,ATM_BRUXISMO
Sen Centro Estético,Otros,General,Fernando de la Mora,"Ingavi, Fernando de la Mora 110312, Paraguay",0991 287636,https://wa.me/0991287636,8.18,4.8,11,NO,ESTETICA_DENTAL,5,ESTETICA_SONRISA
Laksmi spa de uñas,Spa/Wellness,Spa,Villa Elisa,"JCJ8+472, Av. Enrique Von Poleski, Villa Elisa 111506, Paraguay",0971 125163,https://wa.me/0971125163,6.71,5.0,3,NO,ATM_BRUXISMO,5,ATM_BRUXISMO
Pilates studio,Gimnasio/Fitness,Yoga/Pilates,Lambaré,"Carr de López 2233c, Lambaré 2324, Paraguay",0981 643040,https://wa.me/0981643040,5.53,5.0,4,NO,ATM_BRUXISMO,5,ATM_BRUXISMO
Yessi Estigarribia Nails SPA & Studio,Spa/Wellness,Spa,San Lorenzo,"Laguna Grande 2662 casi, San Lorenzo 2160, Paraguay",0982 659354,https://wa.me/0982659354,7.77,5.0,1,NO,ATM_BRUXISMO,5,ATM_BRUXISMO
Moni'k Spa,Spa/Wellness,Spa,Villa Elisa,"JCPC+2QQ, Av. Americo Picco, Villa Elisa 111508, Paraguay",0981 903699,https://wa.me/0981903699,6.51,5.0,1,NO,ATM_BRUXISMO,5,ATM_BRUXISMO
Spa Rein,Spa/Wellness,Spa,Fernando de la Mora,"Campo Via entre, Ingavi y, Fernando de la Mora 110313, Paraguay",0992 413964,https://wa.me/0992413964,8.08,4.5,13,YES,ATM_BRUXISMO,5,ATM_BRUXISMO
ElianeStudioPilates,Gimnasio/Fitness,Yoga/Pilates,Villa Elisa,"JCF9+WM3, Av. Americo Picco, Villa Elisa 111511, Paraguay",0983 709926,https://wa.me/0983709926,7.41,5.0,2,NO,ATM_BRUXISMO,5,ATM_BRUXISMO
Hermosa Gio,Spa/Wellness,General,Lambaré,"Av San Ignacio y, Lambaré 110731, Paraguay",0982 738207,https://wa.me/0982738207,6.12,5.0,2,NO,ATM_BRUXISMO,5,ATM_BRUXISMO
Mg,Spa/Wellness,General,San Lorenzo,"Destacamento Cazal &, MFCF+9JV, Campo Via, San Lorenzo 111421, Paraguay",0982 577386,https://wa.me/0982577386,8.61,5.0,2,NO,ATM_BRUXISMO,5,ATM_BRUXISMO
Belaville Nails & Spa,Spa/Wellness,Spa,Fernando de la Mora,"MCHW+9V5, 10 de Julio, Fernando de la Mora 110308, Paraguay",0985 553535,https://wa.me/0985553535,5.81,4.8,17,YES,ATM_BRUXISMO,5,ATM_BRUXISMO
Pilates Lab,Gimnasio/Fitness,Yoga/Pilates,Asunción,"Gumersindo Sosa 1453, Asunción 001409, Paraguay",0987 318720,https://wa.me/0987318720,5.55,4.5,2,NO,ATM_BRUXISMO,5,ATM_BRUXISMO
INDIVIDUAL Pilates & Fisioterapia,Gimnasio/Fitness,Yoga/Pilates,Asunción,"Prof. Manuel Riquelme y, Asunción 001527, Paraguay",0992 295889,https://wa.me/0992295889,5.93,5.0,15,YES,ATM_BRUXISMO,5,ATM_BRUXISMO
Miradas Radiantes Studio.,Spa/Wellness,General,Ñemby,"JCJW+3C9, 1º de Mayo, Ñemby 111202, Paraguay",0991 323121,https://wa.me/0991323121,8.4,5.0,2,NO,ATM_BRUXISMO,5,ATM_BRUXISMO
Ram Hari Yoga,Gimnasio/Fitness,Yoga/Pilates,Asunción,"Moisés Bertoni 3220, Asunción 001405, Paraguay",0981 253024,https://wa.me/0981253024,5.53,4.7,19,YES,ATM_BRUXISMO,5,ATM_BRUXISMO
Haus pilates,Gimnasio/Fitness,Yoga/Pilates,Asunción,"Moisés Bertoni 3253, Asunción 001405, Paraguay",0982 505053,https://wa.me/0982505053,5.58,5.0,3,NO,ATM_BRUXISMO,5,ATM_BRUXISMO
Qí Pilates,Gimnasio/Fitness,Yoga/Pilates,Asunción,"Capitan Vicente Suarez 2115, Asunción 001520, Paraguay",0981 509342,https://wa.me/0981509342,6.37,5.0,2,NO,ATM_BRUXISMO,5,ATM_BRUXISMO
Masajes Mis Manos,Spa/Wellness,General,Fernando de la Mora,"Patricio colman Fernando de la Mora, Fernando de la Mora 2300, Paraguay",0981 080601,https://wa.me/0981080601,6.41,5.0,1,NO,ATM_BRUXISMO,5,ATM_BRUXISMO
Isa Esthetic Center,Spa/Wellness,General,Fernando de la Mora,"Boquerón casi, Fernando de la Mora 110319, Paraguay",0992 491104,https://wa.me/0992491104,6.12,4.6,10,YES,ATM_BRUXISMO,5,ATM_BRUXISMO
Sauna y Masaje Atlas,Spa/Wellness,General,Fernando de la Mora,"Pedro Getto 1008, Fernando de la Mora 110306, Paraguay",0982 747975,https://wa.me/0982747975,5.76,5.0,1,NO,ATM_BRUXISMO,5,ATM_BRUXISMO
Pandi Nails,Uñas/Nails,Salon Uñas,Fernando de la Mora,"1° De Marzo, Fernando de la Mora 110308, Paraguay",0991 539786,https://wa.me/0991539786,5.33,5.0,13,NO,ATM_BRUXISMO,5,ATM_BRUXISMO
Su’s Manos Nail Spa,Spa/Wellness,Spa,Fernando de la Mora,"Laguna Grande, Fernando de la Mora 110311, Paraguay",0994 565323,https://wa.me/0994565323,8.65,5.0,3,NO,ATM_BRUXISMO,5,ATM_BRUXISMO
Ananda Yoga,Gimnasio/Fitness,Yoga/Pilates,Asunción,"MFW5+VXX, Teresa Lamas Caríssimo, Asunción 110302, Paraguay",0971 376540,https://wa.me/0971376540,7.15,4.9,10,YES,ATM_BRUXISMO,5,ATM_BRUXISMO
TEFARA CONCEPTO,Salon de Belleza,General,Asunción,"Av. Sta. Teresa 3099, Asunción 001402, Paraguay",0994 259297,https://wa.me/0994259297,6.35,4.1,23,YES,ESTETICA_DENTAL,5,ESTETICA_SONRISA
Salón de belleza Beatriz,Peluqueria,General,Villa Elisa,"Ypacaraí, Villa Elisa 111513, Paraguay",0984 578158,https://wa.me/0984578158,6.42,4.2,5,NO,ESTETICA_DENTAL,5,ESTETICA_SONRISA
La Linda Spa,Spa/Wellness,Spa,Villa Elisa,"Mandyju Peka, Villa Elisa 111516, Paraguay",0982 271550,https://wa.me/0982271550,8.49,3.8,6,NO,ATM_BRUXISMO,5,ATM_BRUXISMO
MAC Cosmetics Paraguay,Estetica/Facial,General,Asunción,"PC8M+X9F, Asunción 001529, Paraguay",0986 650930,https://wa.me/0986650930,5.59,3.9,20,NO,ESTETICA_DENTAL,5,ESTETICA_SONRISA
29 hair Salon & Barberia,Salon de Belleza,General,Villa Elisa,"Av. Enrique Von Poleski, Villa Elisa 111510, Paraguay",0974 230828,https://wa.me/0974230828,6.55,5.0,1,NO,ESTETICA_DENTAL,5,ESTETICA_SONRISA
Depimel,Salon de Belleza,General,Villa Elisa,"Líbano casi, Villa Elisa 111510, Paraguay",0972 879919,https://wa.me/0972879919,7.26,5.0,1,NO,ESTETICA_DENTAL,5,ESTETICA_SONRISA
Salón de Belleza Casa de Muñecas,Salon de Belleza,General,Villa Elisa,"Los Nogales 329, Arasá y, Villa Elisa 111508, Paraguay",0992 894714,https://wa.me/0992894714,6.14,5.0,1,NO,ESTETICA_DENTAL,5,ESTETICA_SONRISA
La Fábrica de Muñecas,Salon de Belleza,General,Fernando de la Mora,"11 de Setiembre, Fernando de la Mora 110321, Paraguay",0976 263247,https://wa.me/0976263247,6.37,5.0,2,NO,ESTETICA_DENTAL,5,ESTETICA_SONRISA
Salón de Belleza Nadia,Peluqueria,General,Fernando de la Mora,"JCWJ+G27, Fernando de la Mora 110333, Paraguay",0985 318418,https://wa.me/0985318418,6.0,5.0,2,NO,ESTETICA_DENTAL,5,ESTETICA_SONRISA
GG Estilos & Tendencias,Salon de Belleza,General,Fernando de la Mora,"De la Amistad, Fernando de la Mora 110321, Paraguay",0981 320650,https://wa.me/0981320650,5.98,5.0,2,NO,ESTETICA_DENTAL,5,ESTETICA_SONRISA
D Look,Salon de Belleza,General,Villa Elisa,"JCHF+4QM, Villa Elisa 111510, Paraguay",0972 659015,https://wa.me/0972659015,7.33,4.6,12,YES,ESTETICA_DENTAL,5,ESTETICA_SONRISA
Qualitypy91,Salon de Belleza,General,San Lorenzo,"Juan Leopardi &, Capellanes del Chaco, San Lorenzo 111436, Paraguay",0971 646300,https://wa.me/0971646300,7.12,5.0,1,NO,ESTETICA_DENTAL,5,ESTETICA_SONRISA
Salón de belleza Nilda,Peluqueria,General,Luque,"Cañada del Carmen, casi, Lapacho 499, Luque 2060, Paraguay",0983 333164,https://wa.me/0983333164,8.62,5.0,1,NO,ESTETICA_DENTAL,5,ESTETICA_SONRISA
Tamara Maciel Beauty Salón,Salon de Belleza,General,Villa Elisa,"JC8C+3J4, mandyju pekua, Villa Elisa 111516, Paraguay",0986 327678,https://wa.me/0986327678,8.5,5.0,4,NO,ESTETICA_DENTAL,5,ESTETICA_SONRISA
Salón de belleza Elva Roxee,Peluqueria,General,Villa Elisa,"JCGF+8VQ, Antonio Yegros, Villa Elisa 111511, Paraguay",0971 579880,https://wa.me/0971579880,7.54,5.0,3,NO,ESTETICA_DENTAL,5,ESTETICA_SONRISA
Kendall-Spa,Spa/Wellness,Spa,San Lorenzo,"Barcequillo, San Lorenzo 1111, Paraguay",0985 431729,https://wa.me/0985431729,7.46,4.4,14,YES,ATM_BRUXISMO,5,ATM_BRUXISMO
Beauty Salón,Salon de Belleza,General,San Lorenzo,"MF74+M74, 1 De Mayo, San Lorenzo 110314, Paraguay",0981 145144,https://wa.me/0981145144,7.04,5.0,2,NO,ESTETICA_DENTAL,5,ESTETICA_SONRISA
MZ Beauty Salon,Salon de Belleza,General,Villa Elisa,"mandyju pekua, Villa Elisa 111516, Paraguay",0984 219733,https://wa.me/0984219733,8.48,5.0,4,NO,ESTETICA_DENTAL,5,ESTETICA_SONRISA
Fusión,Salon de Belleza,General,Asunción,"Av Boulevard Esq, Asunción 001503, Paraguay",0986 827777,https://wa.me/0986827777,9.52,5.0,1,NO,ESTETICA_DENTAL,5,ESTETICA_SONRISA
Vero Salon de Belleza,Salon de Belleza,General,San Lorenzo,"Jose A. Ortiz c/ Avelino Martinez San Lorenzo, San Lorenzo 2160, Paraguay",0981 913101,https://wa.me/0981913101,8.35,4.5,2,NO,ESTETICA_DENTAL,5,ESTETICA_SONRISA
AC BEAUTY SALON,Salon de Belleza,General,San Lorenzo,"Av. Avelino Martínez casi, San Lorenzo 111435, San Lorenzo 111435, Paraguay",0974 863561,https://wa.me/0974863561,8.05,5.0,1,NO,ESTETICA_DENTAL,5,ESTETICA_SONRISA
Biobella Centro de Belleza,Salon de Belleza,General,Fernando de la Mora,"2300, Fernando de la Mora 2300, Paraguay",0981 385909,https://wa.me/0981385909,5.08,4.8,18,YES,ESTETICA_DENTAL,5,ESTETICA_SONRISA
DF Hair Beauty Salon,Salon de Belleza,General,Fernando de la Mora,"110305, Fernando de la Mora 110305, Paraguay",0984 815633,https://wa.me/0984815633,6.56,5.0,2,NO,ESTETICA_DENTAL,5,ESTETICA_SONRISA
Estudio de Belleza Andrea Gonzalez,Salon de Belleza,General,Fernando de la Mora,"Medalla Milagrosa, Fernando de la Mora 110325, Paraguay",0985 314450,https://wa.me/0985314450,5.01,5.0,11,YES,ESTETICA_DENTAL,5,ESTETICA_SONRISA
Gustavo Yegros Saloom,Salon de Belleza,General,Fernando de la Mora,"R.I. 3 Corrales 152 y, Fernando de la Mora 110318, Paraguay",(021) 525 232,https://wa.me/59521525232,6.34,4.7,10,YES,ESTETICA_DENTAL,5,ESTETICA_SONRISA
Nora Paredes Gabinete Estético,Salon de Belleza,General,Fernando de la Mora,"1ra Junta Municipal #140, Fernando de la Mora 110308, Paraguay",0983 311748,https://wa.me/0983311748,5.64,5.0,3,NO,ESTETICA_DENTAL,5,ESTETICA_SONRISA
Salón de Belleza Ysabel Suárez RD,Peluqueria,General,Fernando de la Mora,"MFF2+35C, Fernando de la Mora 110318, Paraguay",0981 200663,https://wa.me/0981200663,6.25,5.0,1,NO,ESTETICA_DENTAL,5,ESTETICA_SONRISA
Araceli González Studio,Salon de Belleza,General,Fernando de la Mora,"Paraguay, Sta. Cruz, Fernando de la Mora 110315, Paraguay",0961 373323,https://wa.me/0961373323,6.92,5.0,4,NO,ESTETICA_DENTAL,5,ESTETICA_SONRISA
Bichota's Studio,Salon de Belleza,General,Fernando de la Mora,"María Felicidad González 538, Fernando de la Mora 1234, Paraguay",0985 497858,https://wa.me/0985497858,5.3,5.0,4,NO,ESTETICA_DENTAL,5,ESTETICA_SONRISA
Salón de belleza NiLu,Peluqueria,General,Ñemby,"584, Ñemby 111210, Paraguay",0971 818875,https://wa.me/0971818875,9.65,5.0,2,NO,ESTETICA_DENTAL,5,ESTETICA_SONRISA
Mariel Salón de Belleza,Peluqueria,General,Lambaré,"Carlos Miguel Giménez casi, Lambaré 110733, Paraguay",0961 897600,https://wa.me/0961897600,6.14,5.0,1,NO,ESTETICA_DENTAL,5,ESTETICA_SONRISA
Studio Única San Lorenzo,Salon de Belleza,General,San Lorenzo,"MF24+4J7, Rafael Materi, San Lorenzo 111436, Paraguay",0981 200343,https://wa.me/0981200343,7.77,5.0,3,NO,ESTETICA_DENTAL,5,ESTETICA_SONRISA
Brows By Camila Zayas,Salon de Belleza,General,Fernando de la Mora,"Coronel Francisco Martinez 2324, Fernando de la Mora 230000, Paraguay",0986 828344,https://wa.me/0986828344,6.93,5.0,14,YES,ESTETICA_DENTAL,5,ESTETICA_SONRISA
Mirabelle,Salon de Belleza,General,Asunción,"Tte. Gregorio Narváez 1472, Asunción 001534, Paraguay",0993 575500,https://wa.me/0993575500,5.65,5.0,4,NO,ESTETICA_DENTAL,5,ESTETICA_SONRISA
Eye Beauty Paraguay,Salon de Belleza,General,Asunción,"Alferez Silva 1846, Asunción 001009, Paraguay",0981 732196,https://wa.me/0981732196,5.45,4.8,11,YES,ESTETICA_DENTAL,5,ESTETICA_SONRISA
Premier Fitness San Lorenzo,Gimnasio/Fitness,General,San Lorenzo,"MG57+32W, San Lorenzo 111427, Paraguay",0984 903375,https://wa.me/0984903375,12.76,4.8,86,YES,ADJACENT_REFER,5,ADJACENT_GENERAL
Spa Carolina Bueno D. STUDIO NAILS,Spa/Wellness,Spa,Fernando de la Mora,"Esquina, Tte. Cnel. Angel Vega y, Fernando de la Mora 110310, Paraguay",0971 191735,https://wa.me/0971191735,8.74,5.0,8,YES,ATM_BRUXISMO,5,ATM_BRUXISMO
Ruth Nails Py,Uñas/Nails,Salon Uñas,Fernando de la Mora,"Usher Ríos 126 casi, Fernando de la Mora 110308, Paraguay",0976 586747,https://wa.me/0976586747,5.69,5.0,5,NO,ATM_BRUXISMO,5,ATM_BRUXISMO
Coliseo Gym,Gimnasio/Fitness,Gimnasio,San Lorenzo,"Nilo Meyer 141, San Lorenzo 111452, Paraguay",0985 306445,https://wa.me/0985306445,11.75,4.8,58,YES,ADJACENT_REFER,5,ADJACENT_GENERAL
Tropical Gym,Gimnasio/Fitness,Gimnasio,San Lorenzo,"Sargento Silva y, San Lorenzo 111431, Paraguay",0994 777617,https://wa.me/0994777617,11.08,4.5,70,YES,ADJACENT_REFER,5,ADJACENT_GENERAL
Woman Cosmeticos,Estetica/Facial,Perfumeria,Fernando de la Mora,"Mariscal Lopez 2783, Fernando de la Mora 110303, Paraguay",0985 695929,https://wa.me/0985695929,7.82,4.8,9,NO,ESTETICA_DENTAL,5,ESTETICA_SONRISA
NancyleguizamónBeautyspa,Spa/Wellness,Spa,Fernando de la Mora,"Ceferino Ruíz, Fernando de la Mora 110333, Paraguay",0985 548581,https://wa.me/0985548581,6.2,4.8,6,YES,ATM_BRUXISMO,5,ATM_BRUXISMO
DC Pilates & Fisio - Sucursal Fdo. de la Mora (Franq.),Gimnasio/Fitness,Yoga/Pilates,Fernando de la Mora,"MF99+RQX, Ingavi, Fernando de la Mora 110313, Paraguay",0983 101013,https://wa.me/0983101013,8.2,5.0,8,YES,ATM_BRUXISMO,5,ATM_BRUXISMO
Dashfitcross,Gimnasio/Fitness,General,San Lorenzo,"Pablo Pereira, San Lorenzo 2160, Paraguay",0993 494142,https://wa.me/0993494142,11.38,4.9,85,YES,ADJACENT_REFER,5,ADJACENT_GENERAL
Casa Liara - Mosaico - Pilates -,Gimnasio/Fitness,Yoga/Pilates,Asunción,"Capitán Emeterio Miranda 2024, Asunción 001401, Paraguay",0992 209121,https://wa.me/0992209121,6.28,5.0,8,YES,ATM_BRUXISMO,5,ATM_BRUXISMO
Pilates Health,Gimnasio/Fitness,Yoga/Pilates,Asunción,"San Miguel, &, Asunción 001206, Paraguay",(021) 213 115,https://wa.me/59521213115,5.25,4.8,8,YES,ATM_BRUXISMO,5,ATM_BRUXISMO
Zalyra | Armonización facial y corporal,Estetica/Facial,General,Asunción,"Asunción 001527, Paraguay",0982 465060,https://wa.me/0982465060,5.72,5.0,8,NO,ESTETICA_DENTAL,5,ESTETICA_SONRISA
LUZ Y ARMONÍA PY,Spa/Wellness,General,Fernando de la Mora,"MFJG+7Q6, Fernando de la Mora 110311, Paraguay",0983 700135,https://wa.me/0983700135,8.73,5.0,6,YES,ATM_BRUXISMO,5,ATM_BRUXISMO
ZuEspa,Spa/Wellness,Spa,Fernando de la Mora,"Juan de Salazar, Fernando de la Mora 110314, Paraguay",0981 318444,https://wa.me/0981318444,6.77,5.0,5,YES,ATM_BRUXISMO,5,ATM_BRUXISMO
Momentum Spa,Spa/Wellness,Spa,Luque,"PF6H+9PQ, Luque 110944, Paraguay",0976 975536,https://wa.me/0976975536,9.41,5.0,5,YES,ATM_BRUXISMO,5,ATM_BRUXISMO
Alannys Spa de Manos y Pies,Spa/Wellness,Spa,Ñemby,"Ñemby 111203, Paraguay",0991 336222,https://wa.me/0991336222,8.04,5.0,9,YES,ATM_BRUXISMO,5,ATM_BRUXISMO
Lu Almada Nails Mburukuya,Uñas/Nails,Salon Uñas,Asunción,"Julio Correa 969, Asunción 1521, Paraguay",0981 715140,https://wa.me/0981715140,7.14,4.5,27,YES,ATM_BRUXISMO,5,ATM_BRUXISMO
Estetica Thais,Estetica/Facial,General,Lambaré,"J9QG+WXX, Lambaré 110728, Paraguay",0982 709782,https://wa.me/0982709782,5.28,4.4,8,NO,ESTETICA_DENTAL,5,ESTETICA_SONRISA
BELCY Beauty Salon Lambaré,Salon de Belleza,General,Lambaré,"J9RJ+RP5 El Mesias, &, Lambaré 110729, Paraguay",0962 289743,https://wa.me/0962289743,5.02,5.0,8,YES,ESTETICA_DENTAL,5,ESTETICA_SONRISA
La Pelu de Nuni,Peluqueria,General,Laque,"Artigas, Laque 111020, Paraguay",0982 579822,https://wa.me/0982579822,11.53,4.6,71,YES,ADJACENT_REFER,5,ADJACENT_GENERAL
Gladys Cardozo Estilista,Salon de Belleza,General,Fernando de la Mora,"6 de enero casi san francisco, Fernando de la Mora 110313, Paraguay",0981 256753,https://wa.me/0981256753,8.38,4.5,8,YES,ESTETICA_DENTAL,5,ESTETICA_SONRISA
Venestylo,Peluqueria,General,San Lorenzo,"JFXQ+R36, Marcelina Insfran, San Lorenzo 111431, Paraguay",0981 048617,https://wa.me/0981048617,10.67,4.8,70,YES,ADJACENT_REFER,5,ADJACENT_GENERAL
Lash Harmony Beauty Concept - Mburucuya,Salon de Belleza,General,Asunción,"Av. Santísima Trinidad 1696, Asunción 1521, Paraguay",0982 608068,https://wa.me/0982608068,6.76,5.0,5,YES,ESTETICA_DENTAL,5,ESTETICA_SONRISA
Ale Nails Beauty Spa,Spa/Wellness,Spa,Asunción,"Asunción 001512, Paraguay",0983 499418,https://wa.me/0983499418,7.5,5.0,1,YES,ATM_BRUXISMO,5,ATM_BRUXISMO
LARIZA NAILS,Uñas/Nails,Salon Uñas,Villa Elisa,"VIRGEN DEL ROSARIO ESQUINA SANTA CATALINA 602 VILLA ELISA, Villa Elisa 2610, Paraguay",0962 122235,https://wa.me/0962122235,7.07,4.8,4,NO,ATM_BRUXISMO,5,ATM_BRUXISMO
Samsara Yoga Studio,Gimnasio/Fitness,Yoga/Pilates,Villa Elisa,"Américo Picco 4191 casi, Villa Elisa 0000, Paraguay",0972 459458,https://wa.me/0972459458,7.48,5.0,3,YES,ATM_BRUXISMO,5,ATM_BRUXISMO
Nayeli Rojas Studio,Spa/Wellness,General,Lambaré,"De la Conquista casi, Lambaré 110730, Paraguay",0984 972894,https://wa.me/0984972894,5.05,5.0,4,YES,ATM_BRUXISMO,5,ATM_BRUXISMO
Grachi Cosmeticos,Estetica/Facial,Perfumeria,Fernando de la Mora,"11 de Setiembre 1321, Fernando de la Mora 110320, Paraguay",0994 312111,https://wa.me/0994312111,5.76,5.0,1,NO,ESTETICA_DENTAL,5,ESTETICA_SONRISA
Mindbody YR Pilates,Uñas/Nails,Yoga/Pilates,Fernando de la Mora,"Angel Torres, Fernando de la Mora 110307, Paraguay",0984 193263,https://wa.me/0984193263,6.44,5.0,3,NO,ATM_BRUXISMO,5,ATM_BRUXISMO
Marina Estudio de Pilates,Gimnasio/Fitness,Yoga/Pilates,Fernando de la Mora,"Bejarano casi, Fernando de la Mora 110304, Paraguay",0961 168208,https://wa.me/0961168208,7.05,5.0,2,YES,ATM_BRUXISMO,5,ATM_BRUXISMO
NU Pilates Studio Villa Elisa,Gimnasio/Fitness,Yoga/Pilates,Villa Elisa,"Colombia entre, Jamaica y, Villa Elisa 111507, Paraguay",0972 677200,https://wa.me/0972677200,6.22,5.0,1,YES,ATM_BRUXISMO,5,ATM_BRUXISMO
Corppilates,Gimnasio/Fitness,Yoga/Pilates,Asunción,"PCVF+V4F, Asunción 001519, Paraguay",0994 650322,https://wa.me/0994650322,7.31,5.0,1,YES,ATM_BRUXISMO,5,ATM_BRUXISMO
Clínica Estética Dr Berni,Otros,General,ycua mandiyu,"Ingavi esquina, ycua mandiyu 110310, Paraguay",0986 289260,https://wa.me/0986289260,8.28,4.6,18,YES,ESTETICA_DENTAL,5,ESTETICA_SONRISA
Aloe Tratamientos Estéticos,Otros,General,Fernando de la Mora,"1 de Mayo & Sta Cruz Fernando de la Mora, Fernando de la Mora 2300, Paraguay",0986 274945,https://wa.me/0986274945,7.02,5.0,4,NO,ESTETICA_DENTAL,5,ESTETICA_SONRISA
Dra. Amalia Escobar Medicina Estética,Otros,General,Fernando de la Mora,"Sargento V. Gonzalez entre, Aca Caraya y, Fernando de la Mora 110312, Paraguay",0972 796322,https://wa.me/0972796322,7.27,5.0,1,NO,ESTETICA_DENTAL,5,ESTETICA_SONRISA
Eco Cosmeticos Villa Elisa Centro,Estetica/Facial,Perfumeria,Villa Elisa,"JCF8+567, Villa Elisa 111511, Paraguay",0984 002083,https://wa.me/0984002083,7.46,3.4,13,NO,ESTETICA_DENTAL,5,ESTETICA_SONRISA
SELAH. Spa & Bienestar Femenino,Spa/Wellness,Spa,Fernando de la Mora,"Fernando de la Mora 110316, Paraguay",0985 482222,https://wa.me/0985482222,7.05,5.0,1,YES,ATM_BRUXISMO,5,ATM_BRUXISMO
Piel Canela Spa & Gym de Magaly Martinez,Spa/Wellness,Spa,Villa Elisa,"16 de Julio, Villa Elisa 111510, Paraguay",0994 113002,https://wa.me/0994113002,7.39,5.0,3,YES,ATM_BRUXISMO,5,ATM_BRUXISMO
Studio 222,Salon de Belleza,General,Fernando de la Mora,"&, Fernando de la Mora 110316, Paraguay",0972 205031,https://wa.me/0972205031,6.69,4.4,7,YES,ESTETICA_DENTAL,5,ESTETICA_SONRISA
DC Pilates & Fisio - Sucursal Asunción,Gimnasio/Fitness,Yoga/Pilates,Asunción,"Veterano de la Guerra del 70, Teniente Primero Nemesio Quiñonez y, Asunción 001520, Paraguay",0983 101013,https://wa.me/0983101013,6.57,3.7,6,YES,ATM_BRUXISMO,5,ATM_BRUXISMO
Centro Legrand - Medicina Estética,Otros,General,Asunción,"Molas Lopez 1232, Asunción 001520, Paraguay",0985 135222,https://wa.me/0985135222,6.16,3.7,7,NO,ESTETICA_DENTAL,5,ESTETICA_SONRISA
Madame Li,Salon de Belleza,General,Villa Elisa,"Aregua Villa Elisa, Villa Elisa 2610, Paraguay",0983 870935,https://wa.me/0983870935,6.41,5.0,2,YES,ESTETICA_DENTAL,5,ESTETICA_SONRISA
ANTO ESTILO&BELLEZA,Peluqueria,General,Ñemby,"1118, Ñemby 111210, Paraguay",0984 250017,https://wa.me/0984250017,9.94,5.0,1,YES,ESTETICA_DENTAL,5,ESTETICA_SONRISA
Vanessa Acosta Belleza y estética,Salon de Belleza,General,Ñemby,"Callejón 1° dE mAYO, Ñemby 111203, Paraguay",0981 752620,https://wa.me/0981752620,9.09,5.0,1,YES,ESTETICA_DENTAL,5,ESTETICA_SONRISA
SofLash,Salon de Belleza,General,Fernando de la Mora,"Teniente Ettiene, Fernando de la Mora 110301, Paraguay",0971 131948,https://wa.me/0971131948,7.14,5.0,1,YES,ESTETICA_DENTAL,5,ESTETICA_SONRISA
Jessi Studio,Salon de Belleza,General,Fernando de la Mora,"11 de Setiembre Y, Fernando de la Mora 110320, Paraguay",0985 847017,https://wa.me/0985847017,5.63,5.0,4,YES,ESTETICA_DENTAL,5,ESTETICA_SONRISA
Daihana Verón salón de belleza,Peluqueria,General,Villa Elisa,"2610, Villa Elisa 110211, Paraguay",0986 322536,https://wa.me/0986322536,7.3,5.0,1,YES,ESTETICA_DENTAL,5,ESTETICA_SONRISA
Masajes Asuncion,Spa/Wellness,General,Asunción,"Santisimo Sacramento casi, Asunción 001519, Paraguay",0986 855888,https://wa.me/0986855888,7.39,0.0,0,NO,ATM_BRUXISMO,5,ATM_BRUXISMO
Guada estudio de cejas,Pestañas/Cejas,General,Luque,"Cnel. Oviedo, Luque 110933, Paraguay",0971 528250,https://wa.me/0971528250,12.17,5.0,54,YES,ADJACENT_REFER,5,ADJACENT_GENERAL
Inhala Pilates Studio - Las Lomas,Gimnasio/Fitness,Yoga/Pilates,Asunción,"Río Tebicuary 2061 casi, Asunción 001528, Paraguay",0971 974141,https://wa.me/0971974141,5.93,0.0,0,NO,ATM_BRUXISMO,5,ATM_BRUXISMO
Mv Nails Spa de Uñas,Spa/Wellness,Spa,Villa Elisa,"C. 1811, Villa Elisa 111511, Paraguay",0981 583831,https://wa.me/0981583831,7.92,0.0,0,NO,ATM_BRUXISMO,5,ATM_BRUXISMO
SalondebellezaGilda,Salon de Belleza,General,Asunción,"Mariscal jose Antonio de sucre, Asunción 001407, Paraguay",0971 201303,https://wa.me/0971201303,5.48,0.0,0,NO,ESTETICA_DENTAL,5,ESTETICA_SONRISA
Siempre Coqueta Py,Salon de Belleza,General,Fernando de la Mora,"Palma Fulgencio Yegros Fernando Usher Rios Fernando de la Mora, Fernando de la Mora 2300, Paraguay",0981 700602,https://wa.me/0981700602,5.29,5.0,28,YES,ESTETICA_DENTAL,5,ESTETICA_SONRISA
Lailajimenezsalon,Salon de Belleza,General,Villa Elisa,"https://maps.app.goo.gl/hxggkBMfwHB8Dm8, Villa Elisa 2610, Paraguay",0983 028178,https://wa.me/0983028178,8.08,0.0,0,NO,ESTETICA_DENTAL,5,ESTETICA_SONRISA
Gladys - Salón de belleza,Peluqueria,General,Villa Elisa,"Israel 5974, Villa Elisa 111510, Paraguay",0982 420176,https://wa.me/0982420176,7.35,0.0,0,NO,ESTETICA_DENTAL,5,ESTETICA_SONRISA
"Centro de belleza ""siempre bella""",Salon de Belleza,General,Villa Elisa,"Amapolas, Villa Elisa 111505, Paraguay",0982 837851,https://wa.me/0982837851,5.37,0.0,0,NO,ESTETICA_DENTAL,5,ESTETICA_SONRISA
Siempre Bonita Peluquería y Spa de uñas,Peluqueria,Spa,Villa Elisa,"Von Poleski casi, Villa Elisa 111506, Paraguay",0981 698498,https://wa.me/0981698498,6.41,0.0,0,NO,ATM_BRUXISMO,5,ATM_BRUXISMO
Alexa Tú salón de belleza,Peluqueria,General,Villa Elisa,"Av. Americo Picco CASI, Villa Elisa 111511, Paraguay",0994 842391,https://wa.me/0994842391,7.45,0.0,0,NO,ESTETICA_DENTAL,5,ESTETICA_SONRISA
Maggie nails,Uñas/Nails,Salon Uñas,San Lorenzo,"Av. Avelino Martínez, San Lorenzo 111433, Paraguay",0982 144522,https://wa.me/0982144522,9.3,4.7,3,YES,ATM_BRUXISMO,5,ATM_BRUXISMO
Dra. Agustina Gonzalez,Salon de Belleza,General,Asunción,"Ing. Prof. Nicolás Krisvoschein, Asunción 001520, Paraguay",0971 614156,https://wa.me/0971614156,6.69,5.0,12,YES,ESTETICA_DENTAL,5,ESTETICA_SONRISA
Beleza Pura Coiffure,Salon de Belleza,General,Fernando de la Mora,"Ingavi, Fernando de la Mora 110312, Paraguay",0985 637166,https://wa.me/0985637166,8.12,5.0,10,YES,ESTETICA_DENTAL,5,ESTETICA_SONRISA
TINA,Salon de Belleza,General,Asunción,"Tte. Gregorio Villalba, Asunción 001509, Paraguay",0982 560660,https://wa.me/0982560660,8.58,4.9,12,YES,ESTETICA_DENTAL,5,ESTETICA_SONRISA
Centro de estetica Salud y Belleza.,Estetica/Facial,Centro Estetica,Fernando de la Mora,"Corrales 498 esquina Fulgencio R. Moreno Fernando De la Mora, Fernando de la Mora 2300, Paraguay",0971 603313,https://wa.me/0971603313,6.23,0.0,0,NO,ESTETICA_DENTAL,5,ESTETICA_SONRISA
Wellnes Group San Lorenzo,Spa/Wellness,General,San Lorenzo,"Santo Tomás 314, San Lorenzo 111433, Paraguay",0985 302440,https://wa.me/0985302440,9.64,5.0,6,YES,ATM_BRUXISMO,5,ATM_BRUXISMO
ZOE CLINICA,Spa/Wellness,General,Asunción,"4 de Julio 2729, Asunción 001407, Paraguay",0974 271270,https://wa.me/0974271270,5.18,5.0,8,YES,ATM_BRUXISMO,5,ATM_BRUXISMO
Estef Nails,Uñas/Nails,Salon Uñas,Ñemby,"Cerca de MARY Coiffure Salón de Belleza, 111209, 29 de Septiembre, Ñemby 111209, Paraguay",0992 483776,https://wa.me/0992483776,9.08,0.0,0,NO,ESTETICA_DENTAL,5,ESTETICA_SONRISA
Aroma Spa (Ibo),Spa/Wellness,Spa,Villa Elisa,"JCMC+5W9 Plaza Pública, Villa Elisa 111509, Paraguay",0986 570125,https://wa.me/0986570125,6.78,0.0,0,YES,ATM_BRUXISMO,5,ATM_BRUXISMO
Serenity Spa,Spa/Wellness,Spa,Luque,"PG5H+MX4, Leocadio Leguizamón, Luque 110926, Paraguay",0981 909048,https://wa.me/0981909048,14.3,5.0,24,NO,ATM_BRUXISMO,4,ATM_BRUXISMO
Connie Spa,Spa/Wellness,Spa,Mariano Roque Alonso,"Hernandarias 209 Barrio La Asuncion Mariano Roque Alonso, Mariano Roque Alonso 2040, Paraguay",0981 363909,https://wa.me/0981363909,12.32,4.6,21,NO,ATM_BRUXISMO,4,ATM_BRUXISMO
Tu Imagen Salón de Belleza,Peluqueria,General,Luque,"PFCR+HC3, Agustín Barrios, Luque 110936, Paraguay",0984 776901,https://wa.me/0984776901,10.89,5.0,23,NO,ESTETICA_DENTAL,4,ESTETICA_SONRISA
LVA Rubiani,Salon de Belleza,General,Luque,"Lapachal 1, Luque 110929, Paraguay",0991 369805,https://wa.me/0991369805,14.03,5.0,25,NO,ESTETICA_DENTAL,4,ESTETICA_SONRISA
Peluquería Irma Cabriza El Secreto de la Belleza,Peluqueria,General,San Lorenzo,"José Alcalá, San Lorenzo 111412, Paraguay",0994 483220,https://wa.me/0994483220,11.67,4.9,24,NO,ESTETICA_DENTAL,4,ESTETICA_SONRISA
DepilArte.Especilista en Depilación,Salon de Belleza,General,San Lorenzo,"Gral. Caballero, San Lorenzo 111430, Paraguay",0986 654173,https://wa.me/0986654173,10.7,4.9,23,NO,ESTETICA_DENTAL,4,ESTETICA_SONRISA
Moon Therapy & Spa,Spa/Wellness,Spa,San Lorenzo,"Avda. Defensores del Chaco 350 , 1er. Piso, oficina 4 San, San Lorenzo 111422, Paraguay",0986 568149,https://wa.me/0986568149,10.65,4.1,25,NO,ATM_BRUXISMO,4,ATM_BRUXISMO
Colibrí studio pilates,Gimnasio/Fitness,Yoga/Pilates,Luque,"7 de Octubre 774, Luque 110947, Paraguay",0994 314580,https://wa.me/0994314580,12.09,5.0,12,NO,ATM_BRUXISMO,4,ATM_BRUXISMO
ZOI WELLNESS CENTER,Spa/Wellness,General,Luque,"12 de Octubre, Luque 110917, Paraguay",0994 956222,https://wa.me/0994956222,12.69,4.8,19,NO,ATM_BRUXISMO,4,ATM_BRUXISMO
Sport Gym Pro y Spa de Melissa González,Spa/Wellness,Spa,San Lorenzo,"3er. Piso, Galeria Via Aurora, Av. Defensores del Chaco, San Lorenzo 111422, Paraguay",0992 383844,https://wa.me/0992383844,10.53,5.0,10,NO,ATM_BRUXISMO,4,ATM_BRUXISMO
BODYFRESH SPA,Spa/Wellness,Spa,San Lorenzo,"JGX3+GW7, Dr. Carlos Centurion, San Lorenzo 111453, Paraguay",0982 326472,https://wa.me/0982326472,12.26,5.0,14,NO,ATM_BRUXISMO,4,ATM_BRUXISMO
Bea nails spa,Spa/Wellness,Spa,Lúke,"La Victoria casi, Lúke 110941, Paraguay",0991 204759,https://wa.me/0991204759,10.32,5.0,12,NO,ATM_BRUXISMO,4,ATM_BRUXISMO
Natspa.Py,Spa/Wellness,Spa,Ñemby,"JF43+FPR, 9 de Agosto, Ñemby 111214, Paraguay",0992 246880,https://wa.me/0992246880,10.97,4.6,13,NO,ATM_BRUXISMO,4,ATM_BRUXISMO
Conectar Pilates y Rehabilitación,Gimnasio/Fitness,Yoga/Pilates,Mariano Roque Alonso,"Picuiba y, Mariano Roque Alonso 111010, Paraguay",0987 377888,https://wa.me/0987377888,13.35,4.8,12,NO,ATM_BRUXISMO,4,ATM_BRUXISMO
Virginia Rojas - Uñas Esculturales,Spa/Wellness,Salon Uñas,Lúke,"Gaspar, Dr. José Gaspar Rodríguez de Francia, Lúke 110930, Paraguay",0994 258220,https://wa.me/0994258220,12.67,4.9,16,NO,ATM_BRUXISMO,4,ATM_BRUXISMO
Ocean Spa Luque,Spa/Wellness,Spa,Luque,"Tte, Rojas Silva 270 c, Luque 110921, Paraguay",0994 358194,https://wa.me/0994358194,13.41,4.9,13,NO,ATM_BRUXISMO,4,ATM_BRUXISMO
PAMAS nutrición&bodywellness,Spa/Wellness,General,Ñemby,"Ñemby 111218, Paraguay",0972 132220,https://wa.me/0972132220,11.36,5.0,14,NO,ATM_BRUXISMO,4,ATM_BRUXISMO
Salon de Belleza G.M.,Salon de Belleza,General,Luque,"Las Residentas 173, Luque 110929, Paraguay",0991 582220,https://wa.me/0991582220,13.45,4.9,17,NO,ESTETICA_DENTAL,4,ESTETICA_SONRISA
Lourdes Martínez Coiffure,Salon de Belleza,General,Kapi'atã,"Choferes del Chaco, Kapi'atã 110211, Paraguay",0971 656478,https://wa.me/0971656478,13.94,5.0,14,NO,ESTETICA_DENTAL,4,ESTETICA_SONRISA
MS Studio,Salon de Belleza,General,San Lorenzo,"Av. Defensores del Chaco, San Lorenzo 111423, Paraguay",0984 375523,https://wa.me/0984375523,11.01,5.0,11,NO,ESTETICA_DENTAL,4,ESTETICA_SONRISA
Cinthia coiffure,Salon de Belleza,General,Luque,"Balneario Camboriú, Luque 110921, Paraguay",0971 133074,https://wa.me/0971133074,13.66,4.9,17,NO,ESTETICA_DENTAL,4,ESTETICA_SONRISA
AR IL Salone,Salon de Belleza,General,Luque,"Luque 110949, Paraguay",0971 564018,https://wa.me/0971564018,12.02,4.9,14,NO,ESTETICA_DENTAL,4,ESTETICA_SONRISA
Rosa Flores,Salon de Belleza,General,Luque,"Rosario casi, Luque 110920, Paraguay",0984 560381,https://wa.me/0984560381,13.37,4.6,15,NO,ESTETICA_DENTAL,4,ESTETICA_SONRISA
Studio bon,Salon de Belleza,General,Luque,"Mompox, Luque 110921, Paraguay",0985 633650,https://wa.me/0985633650,13.7,4.9,15,NO,ESTETICA_DENTAL,4,ESTETICA_SONRISA
Salón de Belleza Diana Soledad Ojeda,Salon de Belleza,General,Luque,"14 De Mayo N° 360 c, Luque 110930, Paraguay",0984 773896,https://wa.me/0984773896,13.18,4.5,15,NO,ESTETICA_DENTAL,4,ESTETICA_SONRISA
Blacksia Studio,Salon de Belleza,General,Mariano Roque Alonso,"Mcal. López 368 casi, Mariano Roque Alonso 111009, Paraguay",0982 684008,https://wa.me/0982684008,13.86,5.0,10,NO,ESTETICA_DENTAL,4,ESTETICA_SONRISA
Salón de belleza Viviana,Peluqueria,General,Ñemby,"Bernardino Caballero &, JF35+W94, Primer Presidente- Desvío a San Antonio, Ñemby 111207, Paraguay",0981 352084,https://wa.me/0981352084,11.35,4.9,10,NO,ESTETICA_DENTAL,4,ESTETICA_SONRISA
Beauty Queens ( Centro de Belleza ) Ñemby.,Salon de Belleza,General,Ñemby,"Ñemby 111216, Paraguay",0971 999395,https://wa.me/0971999395,11.39,4.9,18,NO,ESTETICA_DENTAL,4,ESTETICA_SONRISA
Salón de belleza Johana Marinoni,Peluqueria,General,Mariano Roque Alonso,"Calle última, Mariano Roque Alonso 111022, Paraguay",0986 521827,https://wa.me/0986521827,11.12,4.8,13,NO,ESTETICA_DENTAL,4,ESTETICA_SONRISA
Lily salon de belleza,Salon de Belleza,General,Mariano Roque Alonso,"Manuel Ortiz Guerrero, Mariano Roque Alonso 111021, Paraguay",0982 517911,https://wa.me/0982517911,11.22,5.0,13,NO,ESTETICA_DENTAL,4,ESTETICA_SONRISA
Salon de Belleza Yoli Fretez,Salon de Belleza,General,Ñemby,"2 y 3 de Febrero, Ñemby 111212, Paraguay",0994 908900,https://wa.me/0994908900,10.55,4.9,15,NO,ESTETICA_DENTAL,4,ESTETICA_SONRISA
Studio Beauty Lore estilista,Salon de Belleza,General,San Lorenzo,"Av. Dr. Gabriel Pellón, San Lorenzo 111419, Paraguay",0985 580067,https://wa.me/0985580067,10.72,4.8,16,NO,ESTETICA_DENTAL,4,ESTETICA_SONRISA
GRACIA BY XUANA BERNAL,Salon de Belleza,General,San Lorenzo,"Santos Mendoza 515, San Lorenzo 111407, Paraguay",0991 396792,https://wa.me/0991396792,10.42,5.0,14,NO,ESTETICA_DENTAL,4,ESTETICA_SONRISA
Diamonds Salon Hair by Mauro,Salon de Belleza,General,San Lorenzo,"Juan Silvano Godoy, San Lorenzo 111431, Paraguay",0992 694208,https://wa.me/0992694208,10.3,4.9,13,NO,ESTETICA_DENTAL,4,ESTETICA_SONRISA
Queen of Blondes,Salon de Belleza,General,Mariano Roque Alonso,"QFR5+5G2, Mariano Roque Alonso 111015, Paraguay",0985 788315,https://wa.me/0985788315,13.51,5.0,16,NO,ESTETICA_DENTAL,4,ESTETICA_SONRISA
Emperatriz Beauty Spa,Spa/Wellness,Spa,Ñemby,"JF23+79W, Ytororo, Ñemby 111214, Paraguay",0985 166558,https://wa.me/0985166558,11.43,5.0,7,NO,ATM_BRUXISMO,4,ATM_BRUXISMO
Lucy Masajes relax center,Spa/Wellness,General,Ñemby,"Tte. Heriberto Ferreira, Ñemby 1018, Paraguay",0984 705303,https://wa.me/0984705303,11.52,4.6,5,NO,ATM_BRUXISMO,4,ATM_BRUXISMO
Lady Di Masajes,Spa/Wellness,General,San Lorenzo,"Sacramento &, Abejal, San Lorenzo 111464, Paraguay",0983 959995,https://wa.me/0983959995,12.41,5.0,5,NO,ATM_BRUXISMO,4,ATM_BRUXISMO
Bliss Spa center,Spa/Wellness,Spa,Capiatá,"JGQ9+V54, Capiatá 110211, Paraguay",0986 380423,https://wa.me/0986380423,13.85,5.0,9,NO,ATM_BRUXISMO,4,ATM_BRUXISMO
Pathyspa,Spa/Wellness,Spa,Ñemby,"Primer Presidente, Ñemby 111216, Paraguay",0982 848740,https://wa.me/0982848740,11.81,5.0,7,NO,ATM_BRUXISMO,4,ATM_BRUXISMO
Ritual Pilates Studio,Gimnasio/Fitness,Yoga/Pilates,Luque,"Teniente Cnel. Ramos Alfaro 450, Ballivian y, Luque 110901, Paraguay",0992 268858,https://wa.me/0992268858,11.96,5.0,6,NO,ATM_BRUXISMO,4,ATM_BRUXISMO
Aglow Spa,Spa/Wellness,Spa,Mariano Roque Alonso,"Nanawa casi, Mariano Roque Alonso 111011, Paraguay",0985 375989,https://wa.me/0985375989,13.91,5.0,5,NO,ATM_BRUXISMO,4,ATM_BRUXISMO
Zuny depilaciones,Depilacion,General,Mariano Roque Alonso,"Mariano Roque Alonso 111009, Paraguay",0981 294857,https://wa.me/0981294857,14.17,5.0,28,NO,ESTETICA_DENTAL,4,ESTETICA_SONRISA
Lucy Andrea Spa de Manos y Pies,Spa/Wellness,Spa,Luque,"Mariscal Lopez, Luque 110918, Paraguay",0991 705993,https://wa.me/0991705993,12.7,4.7,24,YES,ATM_BRUXISMO,4,ATM_BRUXISMO
Aura Espacio Aéreo,Spa/Wellness,Spa,San Lorenzo,"Félix Bernie entre, Agustin Pio Barrios y, San Lorenzo 2160, Paraguay",0994 484200,https://wa.me/0994484200,10.32,4.7,9,NO,ATM_BRUXISMO,4,ATM_BRUXISMO
Spa Sal y Luz,Spa/Wellness,Spa,Luque,"FCRJ+W7G, Luque 110919, Paraguay",0981 178610,https://wa.me/0981178610,13.36,5.0,6,NO,ATM_BRUXISMO,4,ATM_BRUXISMO
La Rose Beauty & Spa. Terapia Capilar,Spa/Wellness,Spa,San Lorenzo,"Edmundo Ferrairo, San Lorenzo 111428, Paraguay",0983 946797,https://wa.me/0983946797,12.6,4.8,6,NO,ATM_BRUXISMO,4,ATM_BRUXISMO
Avanti studio de belleza,Peluqueria,General,Luque,"Luis Alberto de Herrera, Luque 110932, Paraguay",0986 485988,https://wa.me/0986485988,12.32,3.9,20,NO,ESTETICA_DENTAL,4,ESTETICA_SONRISA
DC Pilates & Fisio - Sucursal Luque,Gimnasio/Fitness,Yoga/Pilates,Luque,"14 De Mayo casi, Luque 2060, Paraguay",0983 101013,https://wa.me/0983101013,12.48,4.9,29,YES,ATM_BRUXISMO,4,ATM_BRUXISMO
Movimiento Pleno pilates y Fisioterapia,Gimnasio/Fitness,Yoga/Pilates,Luque,"Avda San Martín y Fernando de la Mora, Luque 110933, Paraguay",0991 951046,https://wa.me/0991951046,12.03,5.0,7,NO,ATM_BRUXISMO,4,ATM_BRUXISMO
SEA PILATES,Gimnasio/Fitness,Yoga/Pilates,Ñemby,"Ñemby 111218, Paraguay",0984 035202,https://wa.me/0984035202,11.55,5.0,5,NO,ATM_BRUXISMO,4,ATM_BRUXISMO
SALON DE BELLEZA VICIO DE MUJER,Salon de Belleza,General,San Lorenzo,"Rosa Marengo c/ La Victoria San Lorenzo, San Lorenzo 2160, Paraguay",0981 195908,https://wa.me/0981195908,13.31,4.0,10,NO,ESTETICA_DENTAL,4,ESTETICA_SONRISA
Diadema Salón,Salon de Belleza,General,Luque,"Barrio Luqueño, Luque 110930, Paraguay",0992 430025,https://wa.me/0992430025,12.87,5.0,8,NO,ESTETICA_DENTAL,4,ESTETICA_SONRISA
Salón de belleza Norma,Salon de Belleza,General,Mariano Roque Alonso,"QFG2+5C5, Mariano Roque Alonso 111017, Paraguay",0984 173726,https://wa.me/0984173726,11.69,5.0,8,NO,ESTETICA_DENTAL,4,ESTETICA_SONRISA
Emoción y Belleza,Salon de Belleza,General,Lúke,"Los Guayabos, Lúke 110948, Paraguay",0984 405635,https://wa.me/0984405635,13.34,5.0,7,NO,ESTETICA_DENTAL,4,ESTETICA_SONRISA
Depilación Delicada,Salon de Belleza,General,Luque,"America, &, Luque 110918, Paraguay",0987 124397,https://wa.me/0987124397,12.43,5.0,7,NO,ESTETICA_DENTAL,4,ESTETICA_SONRISA
Christian Amarilla Beauty Salón,Salon de Belleza,General,Luque,"5864PFJP+FG, Luque 110934, Paraguay",0994 213563,https://wa.me/0994213563,10.9,5.0,29,YES,ESTETICA_DENTAL,4,ESTETICA_SONRISA
ANIMA Lash • Brows • Beauty,Salon de Belleza,General,Luque,"PFMQ+3CQ, Tomas Herrera, Luque 110934, Paraguay",0981 273374,https://wa.me/0981273374,11.19,4.7,7,NO,ESTETICA_DENTAL,4,ESTETICA_SONRISA
Estética Regi,Salon de Belleza,General,Ñemby,"Whasington, Calle sin nombre, Ñemby 1218, Paraguay",0974 284908,https://wa.me/0974284908,11.13,5.0,9,NO,ESTETICA_DENTAL,4,ESTETICA_SONRISA
Depila-t,Spa/Wellness,General,Mariano Roque Alonso,"QFW8+GPM, Felix González, Mariano Roque Alonso 111013, Paraguay",0981 367669,https://wa.me/0981367669,14.5,4.4,5,NO,ATM_BRUXISMO,4,ATM_BRUXISMO
DULCE NEGRA,Salon de Belleza,General,Mariano Roque Alonso,"Mariano Roque Alonso 111011, Paraguay",0981 005921,https://wa.me/0981005921,14.11,5.0,8,NO,ESTETICA_DENTAL,4,ESTETICA_SONRISA
RULI BARBER,Barberia,General,San Lorenzo,"Gaspar R. De Francia esquina, San Lorenzo 111423, Paraguay",0984 124904,https://wa.me/0984124904,11.06,4.4,14,NO,ATM_BRUXISMO,4,ATM_BRUXISMO
Fátima Cabrera Studio | Academy,Salon de Belleza,General,Ñemby,"Av. Caaguazú, Ñemby 111221, Paraguay",0984 820346,https://wa.me/0984820346,14.18,5.0,28,YES,ESTETICA_DENTAL,4,ESTETICA_SONRISA
Dahiara Vazquez Studio,Salon de Belleza,General,Ñemby,"JF53+67X, La Franconi, Ñemby 111214, Paraguay",0972 967418,https://wa.me/0972967418,10.75,5.0,5,NO,ESTETICA_DENTAL,4,ESTETICA_SONRISA
Salon de belleza chuly,Salon de Belleza,General,Ñemby,"Av. Paraguay, Ñemby 111307, Paraguay",0986 359501,https://wa.me/0986359501,11.14,4.8,9,NO,ESTETICA_DENTAL,4,ESTETICA_SONRISA
Nijes salón,Salon de Belleza,General,Luque,"Mcal. Estigarribia, Luque 110920, Paraguay",0981 818093,https://wa.me/0981818093,13.75,5.0,8,NO,ESTETICA_DENTAL,4,ESTETICA_SONRISA
La perla Salon,Salon de Belleza,General,Luque,"Rojas Silva &, PGM7+WW3, Av. Corrales, Luque 110920, Paraguay",0972 611566,https://wa.me/0972611566,13.67,5.0,5,NO,ESTETICA_DENTAL,4,ESTETICA_SONRISA
Seda Cosmetica,Estetica/Facial,General,San Lorenzo,"Julia Miranda Cueto, San Lorenzo 111430, Paraguay",(021) 570 0188,https://wa.me/0215700188,10.58,4.4,27,NO,ESTETICA_DENTAL,4,ESTETICA_SONRISA
DepilBeauty,Salon de Belleza,General,San Lorenzo,"Alberto, Sánchez Benítez, San Lorenzo 111425, Paraguay",0985 324202,https://wa.me/0985324202,11.91,5.0,5,NO,ESTETICA_DENTAL,4,ESTETICA_SONRISA
Maggie Bazán Studio,Salon de Belleza,General,Ñemby,"Av. Caaguazú, Ñemby 111222, Paraguay",0976 328465,https://wa.me/0976328465,12.49,5.0,5,NO,ESTETICA_DENTAL,4,ESTETICA_SONRISA
Shiva.spa,Spa/Wellness,Spa,Ñemby,"45, Ñemby 111216, Paraguay",0991 434763,https://wa.me/0991434763,11.47,5.0,3,NO,ATM_BRUXISMO,4,ATM_BRUXISMO
Natalia Ovelar Beauty Spa,Spa/Wellness,Spa,Ñemby,"JC4X+GW2, 10 de Agosto, Ñemby 111212, Paraguay",0994 626458,https://wa.me/0994626458,10.71,5.0,1,NO,ATM_BRUXISMO,4,ATM_BRUXISMO
LUANAILS SPA DE MANOS Y PIES,Spa/Wellness,Spa,Mariano Roque Alonso,"Gondra, Mariano Roque Alonso 111011, Paraguay",0971 869679,https://wa.me/0971869679,14.03,5.0,4,NO,ATM_BRUXISMO,4,ATM_BRUXISMO
Jime Rojas Spa,Spa/Wellness,Spa,Mariano Roque Alonso,"QFRJ+2R5, Mariano Roque Alonso 111008, Paraguay",0986 219555,https://wa.me/0986219555,14.82,5.0,3,NO,ATM_BRUXISMO,4,ATM_BRUXISMO
Diana Lilén Nails,Uñas/Nails,Salon Uñas,Mariano Roque Alonso,"QFR5+QHJ, Cañada Strongest, Mariano Roque Alonso 111015, Paraguay",0981 679508,https://wa.me/0981679508,13.67,4.8,10,NO,ATM_BRUXISMO,4,ATM_BRUXISMO
Gardenia Studio,Spa/Wellness,General,Lúke,"12 de Octubre, Lúke 110919, Paraguay",0976 888385,https://wa.me/0976888385,13.29,5.0,1,NO,ATM_BRUXISMO,4,ATM_BRUXISMO
Felicita Haedo - Luque,Spa/Wellness,General,Luque,"PFGX+P86, Del Maestro, Luque 110933, Paraguay",0984 201833,https://wa.me/0984201833,11.79,5.0,1,NO,ATM_BRUXISMO,4,ATM_BRUXISMO
Go Pilates Luque,Gimnasio/Fitness,Yoga/Pilates,Luque,"Av. Gral. Aquino &, Gral. Díaz, Luque 110932, Paraguay",0972 180808,https://wa.me/0972180808,12.49,5.0,4,NO,ATM_BRUXISMO,4,ATM_BRUXISMO
FF Pilates,Gimnasio/Fitness,Yoga/Pilates,Luque,"PFVR+WMQ, Mangoty, Luque 110917, Paraguay",0981 123349,https://wa.me/0981123349,12.14,5.0,3,NO,ATM_BRUXISMO,4,ATM_BRUXISMO
Bienestar Pilates - Suc. Mariano,Gimnasio/Fitness,Yoga/Pilates,Mariano Roque Alonso,"Quintana Paredes Silva, Nanawa casi, Mariano Roque Alonso 111011, Paraguay",0994 757937,https://wa.me/0994757937,14.38,5.0,2,NO,ATM_BRUXISMO,4,ATM_BRUXISMO
Aline Pilates,Gimnasio/Fitness,Yoga/Pilates,Asunción,"001506, Prof. Dr. Ricardo Moreno Azorero, Asunción 001506, Paraguay",0972 520811,https://wa.me/0972520811,10.93,4.7,17,YES,ATM_BRUXISMO,4,ATM_BRUXISMO
Estetica y Belleza,Estetica/Facial,General,Luque,"PGR9+FP7, Luque 110913, Paraguay",0961 806389,https://wa.me/0961806389,14.37,4.5,14,NO,ESTETICA_DENTAL,4,ESTETICA_SONRISA
Benditas Manos,Spa/Wellness,General,Luque,"Cap. Andres Insfran y, Luque 110932, Paraguay",0981 308430,https://wa.me/0981308430,12.54,4.5,15,YES,ATM_BRUXISMO,4,ATM_BRUXISMO
Bella's Spa de Manos y Pies,Spa/Wellness,Spa,Luque,"Teniente Cnel. Ramos Alfaro, Luque 110917, Paraguay",0981 396278,https://wa.me/0981396278,11.67,5.0,2,NO,ATM_BRUXISMO,4,ATM_BRUXISMO
Lorelay Spa,Spa/Wellness,Spa,Luque,"PGG5+FV5, Luque 110930, Paraguay",0986 501058,https://wa.me/0986501058,12.83,5.0,1,NO,ATM_BRUXISMO,4,ATM_BRUXISMO
YOGA EKAGRATA,Gimnasio/Fitness,Yoga/Pilates,San Lorenzo,"JG94+3FQ, San Lorenzo 111467, Paraguay",0992 912346,https://wa.me/0992912346,13.93,5.0,1,NO,ATM_BRUXISMO,4,ATM_BRUXISMO
Nutrición & Pilates,Gimnasio/Fitness,Yoga/Pilates,San Lorenzo,"Buenos aires Itaipu San lorenzo, San Lorenzo 2160, Paraguay",0983 152385,https://wa.me/0983152385,11.73,5.0,2,NO,ATM_BRUXISMO,4,ATM_BRUXISMO
Pilates Blanca Zarate Osteo Salud,Gimnasio/Fitness,Yoga/Pilates,San Lorenzo,"MG47+X3H, San Lorenzo 111427, Paraguay",0994 391897,https://wa.me/0994391897,12.74,5.0,1,NO,ATM_BRUXISMO,4,ATM_BRUXISMO
Espacio Fit Paraguay,Spa/Wellness,Spa,San Lorenzo,"Manuel Ortiz Guerrero, San Lorenzo 111430, Paraguay",0985 608947,https://wa.me/0985608947,10.83,5.0,2,NO,ATM_BRUXISMO,4,ATM_BRUXISMO
Jade studio pilates,Gimnasio/Fitness,Yoga/Pilates,Ñemby,"JF33+PCJ, Ñemby 111214, Paraguay",0984 865179,https://wa.me/0984865179,11.1,5.0,2,NO,ATM_BRUXISMO,4,ATM_BRUXISMO
Dickens Nails Spa,Spa/Wellness,Spa,San Lorenzo,"MF3V+FV2, Tte Benitez, San Lorenzo 111423, Paraguay",0986 784009,https://wa.me/0986784009,11.11,5.0,2,NO,ATM_BRUXISMO,4,ATM_BRUXISMO
ROSE Spa de Uñas,Spa/Wellness,Spa,San Lorenzo,"MF3V+MR7, Gaspar Rodríguez de Francia, San Lorenzo 111430, Paraguay",0985 934734,https://wa.me/0985934734,10.94,5.0,3,NO,ATM_BRUXISMO,4,ATM_BRUXISMO
Ross Masajes,Spa/Wellness,General,San Lorenzo,"JFHJ+5GM, San Lorenzo 111458, Paraguay",0984 585713,https://wa.me/0984585713,11.25,5.0,1,NO,ATM_BRUXISMO,4,ATM_BRUXISMO
Mauro Gamez studio,Spa/Wellness,General,Ñemby,"Manuel Ortiz guerrero, Ñemby 111217, Paraguay",0982 199653,https://wa.me/0982199653,11.91,5.0,1,NO,ATM_BRUXISMO,4,ATM_BRUXISMO
Ariel Cosmeticos,Estetica/Facial,Perfumeria,Ñemby,"9 de Agosto 525 casi, Ñemby 111214, Paraguay",0991 325003,https://wa.me/0991325003,11.01,5.0,12,NO,ESTETICA_DENTAL,4,ESTETICA_SONRISA
Shivanna spa,Spa/Wellness,Spa,Ñemby,"Primera Junta Municipal, Ñemby 111207, Paraguay",0994 833954,https://wa.me/0994833954,10.95,4.5,2,NO,ATM_BRUXISMO,4,ATM_BRUXISMO
Innovastetic 💎,Spa/Wellness,General,Ñemby,"PY01, &, Ñemby 111214, Paraguay",0993 303434,https://wa.me/0993303434,11.34,5.0,3,NO,ATM_BRUXISMO,4,ATM_BRUXISMO
Nahiara Servicio de Belleza,Peluqueria,General,Capiatá,"Buenaventura Castillo y, Capiatá 110212, Paraguay",0985 691609,https://wa.me/0985691609,14.53,5.0,2,NO,ESTETICA_DENTAL,4,ESTETICA_SONRISA
Ninfa centro de belleza y uñas,Salon de Belleza,Salon Uñas,Mariano Roque Alonso,"Boqueron casi, Mariano Roque Alonso 111010, Paraguay",0983 588255,https://wa.me/0983588255,13.42,5.0,1,NO,ESTETICA_DENTAL,4,ESTETICA_SONRISA
Eco Cosmeticos Ñemby,Estetica/Facial,Perfumeria,San Antonio,"Cadete de Boquerón 468, San Antonio 111213, Paraguay",0986 273894,https://wa.me/0986273894,12.37,4.4,11,NO,ESTETICA_DENTAL,4,ESTETICA_SONRISA
Salón de Belleza L&M,Peluqueria,General,Luque,"Teniente, Rojas Silva, Luque 110920, Paraguay",0991 757941,https://wa.me/0991757941,13.51,5.0,4,NO,ESTETICA_DENTAL,4,ESTETICA_SONRISA
BL DermoEstética Luque,Otros,General,Luque,"Rosa González, Luque 2069, Paraguay",0992 676359,https://wa.me/0992676359,10.91,4.1,19,NO,ESTETICA_DENTAL,4,ESTETICA_SONRISA
Depichic,Salon de Belleza,General,San Lorenzo,"MF5W+F97, San Lorenzo 111423, Paraguay",0981 630482,https://wa.me/0981630482,11.07,4.7,3,NO,ESTETICA_DENTAL,4,ESTETICA_SONRISA
ANA BROWS & LASH STUDIO,Salon de Belleza,General,San Lorenzo,"Alberto N. Schenoni, San Lorenzo 2160, Paraguay",0985 829178,https://wa.me/0985829178,10.35,5.0,1,NO,ESTETICA_DENTAL,4,ESTETICA_SONRISA
Liz Ferreira Salon de belleza,Salon de Belleza,General,Mariano Roque Alonso,"Mariano Roque Alonso 111007, Paraguay",0972 410897,https://wa.me/0972410897,12.73,5.0,4,NO,ESTETICA_DENTAL,4,ESTETICA_SONRISA
Luce Bien Salón de Belleza,Peluqueria,General,San Lorenzo,"932, San Lorenzo 111420, Paraguay",0985 765364,https://wa.me/0985765364,10.1,5.0,3,NO,ESTETICA_DENTAL,4,ESTETICA_SONRISA
Sandra Janet,Salon de Belleza,General,Mariano Roque Alonso,"Gral Eugenio A Garay, Mariano Roque Alonso 111018, Paraguay",0991 318960,https://wa.me/0991318960,12.16,5.0,2,NO,ESTETICA_DENTAL,4,ESTETICA_SONRISA
Bella Room by Tatty Dure,Salon de Belleza,General,San Lorenzo,"Sobre, Nilo Meyer, San Lorenzo 111452, Paraguay",0992 917364,https://wa.me/0992917364,11.74,5.0,1,NO,ESTETICA_DENTAL,4,ESTETICA_SONRISA
Pora beauty salon,Salon de Belleza,General,Luque,"PFRW+F57, Pirizal, Luque 110917, Paraguay",0994 570369,https://wa.me/0994570369,12.25,5.0,4,NO,ESTETICA_DENTAL,4,ESTETICA_SONRISA
MOMENT0 MIO,Salon de Belleza,General,Luque,"Rosario ESQUINA, Luque 110920, Paraguay",0994 319999,https://wa.me/0994319999,13.59,5.0,2,NO,ESTETICA_DENTAL,4,ESTETICA_SONRISA
Po Renda Luque,Salon de Belleza,General,Luque,"Valeriano Zeballos e, Cerro Cora, Luque 0921, Paraguay",0987 226138,https://wa.me/0987226138,13.14,5.0,3,NO,ESTETICA_DENTAL,4,ESTETICA_SONRISA
Ise Studio,Salon de Belleza,General,Ñemby,"Ñemby 111219, Paraguay",0971 369421,https://wa.me/0971369421,12.51,5.0,1,NO,ESTETICA_DENTAL,4,ESTETICA_SONRISA
Yohana Arguello,Salon de Belleza,General,Ñemby,"Ñemby 111205, Paraguay",0971 674025,https://wa.me/0971674025,10.01,5.0,2,NO,ESTETICA_DENTAL,4,ESTETICA_SONRISA
Tamygonztbeautycenter,Salon de Belleza,General,Ñemby,"Av la victoria, Ñemby 111219, Paraguay",0962 341594,https://wa.me/0962341594,12.92,5.0,1,NO,ESTETICA_DENTAL,4,ESTETICA_SONRISA
Angélica Lugo Brows,Salon de Belleza,General,Luque,"Primavera, Luque 110921, Paraguay",0986 689669,https://wa.me/0986689669,14.42,5.0,1,NO,ESTETICA_DENTAL,4,ESTETICA_SONRISA
Belen Armoa Peluquería y Spa,Peluqueria,Spa,Mariano Roque Alonso,"QFRF+GGJ, Sargento Cuoti, Mariano Roque Alonso 111008, Paraguay",0985 803114,https://wa.me/0985803114,14.43,4.8,4,NO,ATM_BRUXISMO,4,ATM_BRUXISMO
Zonia Chaparro Hair & Beauty Salon,Salon de Belleza,General,Luque,"General Genes, Luque 2060, Paraguay",0981 163601,https://wa.me/0981163601,13.68,5.0,11,YES,ESTETICA_DENTAL,4,ESTETICA_SONRISA
Panambi,Salon de Belleza,General,Luque,"Cerro Cora, Luque 2060, Paraguay",0971 321011,https://wa.me/0971321011,13.11,5.0,11,YES,ESTETICA_DENTAL,4,ESTETICA_SONRISA
Peluqueria Excelent,Peluqueria,General,Ñemby,"Ñemby 111206, Paraguay",0981 802437,https://wa.me/0981802437,10.81,4.9,17,YES,ESTETICA_DENTAL,4,ESTETICA_SONRISA
Alejandra Bispo Beauty Salon,Salon de Belleza,General,Ñemby,"Vicente Iturbe, Ñemby 111204, Paraguay",0983 624685,https://wa.me/0983624685,10.91,5.0,1,NO,ESTETICA_DENTAL,4,ESTETICA_SONRISA
Peluquería 100% belleza,Peluqueria,General,Luque,"1436194, Luque 110919, Paraguay",0981 485138,https://wa.me/0981485138,13.45,5.0,3,NO,ESTETICA_DENTAL,4,ESTETICA_SONRISA
Peluquería RC salón de belleza,Peluqueria,General,Mariano Roque Alonso,"QFJ9+JMR, Ruta transchaco, Mariano Roque Alonso 111019, Paraguay",0985 422920,https://wa.me/0985422920,13.28,5.0,2,NO,ESTETICA_DENTAL,4,ESTETICA_SONRISA
MartS hair SPA - MartS SHOP clothes and shoes,Peluqueria,Spa,Luque,"Cnel. Bogado, Luque 110919, Paraguay",0984 523357,https://wa.me/0984523357,13.82,3.7,7,NO,ATM_BRUXISMO,4,ATM_BRUXISMO
Mundo Cosmeticos,Estetica/Facial,Perfumeria,Luque,"Cerro Cora 375, Luque 110921, Paraguay",0983 777946,https://wa.me/0983777946,13.32,4.9,7,NO,ESTETICA_DENTAL,4,ESTETICA_SONRISA
Estetica Integral Liliana Zaracho,Estetica/Facial,Centro Estetica,San Lorenzo,"General Caballero &, JFXV+2F5, Carmen de Lara Castro, San Lorenzo 111451, Paraguay",0984 327445,https://wa.me/0984327445,11.27,5.0,9,NO,ESTETICA_DENTAL,4,ESTETICA_SONRISA
Nails Perfect de Gabriela Reyes,Uñas/Nails,Salon Uñas,San Lorenzo,"Gumercindo Sosa, San Lorenzo 2160, Paraguay",0991 444772,https://wa.me/0991444772,11.55,4.9,25,YES,ATM_BRUXISMO,4,ATM_BRUXISMO
Calm Pilates,Gimnasio/Fitness,Yoga/Pilates,Luque,"2060, Luque 2060, Paraguay",0986 912583,https://wa.me/0986912583,11.3,4.8,6,YES,ATM_BRUXISMO,4,ATM_BRUXISMO
Beauty Nails Spa,Spa/Wellness,Spa,San Lorenzo,"Lavadero único vip, Manuel Ortiz Guerrero, San Lorenzo 111431, Paraguay",0991 416641,https://wa.me/0991416641,10.68,4.8,5,YES,ATM_BRUXISMO,4,ATM_BRUXISMO
La Quinta Pilates,Gimnasio/Fitness,Yoga/Pilates,San Lorenzo,"MFCQ+4M2, San Lorenzo 111420, Paraguay",0994 902070,https://wa.me/0994902070,10.12,5.0,9,YES,ATM_BRUXISMO,4,ATM_BRUXISMO
Esencia Spa de Manos y Pies,Spa/Wellness,Spa,Mariano Roque Alonso,"Toledo, Mariano Roque Alonso 111010, Paraguay",0981 676243,https://wa.me/0981676243,13.69,5.0,6,YES,ATM_BRUXISMO,4,ATM_BRUXISMO
Vanity Beauty Spa,Spa/Wellness,Spa,Luque,"PGGG+CHV, Luque 110924, Paraguay",0986 211747,https://wa.me/0986211747,14.42,4.8,5,YES,ATM_BRUXISMO,4,ATM_BRUXISMO
Andrea Piccardo Yoga,Gimnasio/Fitness,Yoga/Pilates,Luque,"Ybyraju 30 casi Florencio Meza, Barrio, Pje. Yaguarete Corá, Luque 2060, Paraguay",0986 486166,https://wa.me/0986486166,14.71,5.0,8,YES,ATM_BRUXISMO,4,ATM_BRUXISMO
Bela Nails Spa,Spa/Wellness,Spa,Luque,"PGH3+V68, Cnel. Oviedo, Luque 110932, Paraguay",0974 240019,https://wa.me/0974240019,12.36,4.2,5,YES,ATM_BRUXISMO,4,ATM_BRUXISMO
Jonathan Nodari,Salon de Belleza,General,Ñemby,"Ñemby 111214, Paraguay",0984 980422,https://wa.me/0984980422,10.9,5.0,8,YES,ESTETICA_DENTAL,4,ESTETICA_SONRISA
MUSA (MODA Y BELLEZA),Peluqueria,General,Luque,"America, Luque 110917, Paraguay",0986 370705,https://wa.me/0986370705,12.82,5.0,7,YES,ESTETICA_DENTAL,4,ESTETICA_SONRISA
Coqueta,Salon de Belleza,General,Mariano Roque Alonso,"QFQ8+X47, Mariano Roque Alonso 111011, Paraguay",0971 505236,https://wa.me/0971505236,13.81,4.9,7,YES,ESTETICA_DENTAL,4,ESTETICA_SONRISA
Erika Torales Beauty Center,Salon de Belleza,General,San Lorenzo,"Guillermo Almeida San Lorenzo reducto, San Lorenzo 2160, Paraguay",0976 142756,https://wa.me/0976142756,13.54,4.9,9,YES,ESTETICA_DENTAL,4,ESTETICA_SONRISA
Tamarí Beauty Bar,Salon de Belleza,General,San Lorenzo,"JFVM+R36, San Lorenzo 111453, Paraguay",0983 285026,https://wa.me/0983285026,12.06,5.0,8,YES,ESTETICA_DENTAL,4,ESTETICA_SONRISA
HR COIFFURE 🌹,Salon de Belleza,General,San Lorenzo,"Juan León mallorquín 141, San Lorenzo 111431, Paraguay",0985 470433,https://wa.me/0985470433,10.36,4.9,8,YES,ESTETICA_DENTAL,4,ESTETICA_SONRISA
Peluquería Eva Dulce Tentación,Peluqueria,General,Luque,"Iturbe 164, Luque 2060, Paraguay",0992 780844,https://wa.me/0992780844,13.18,4.9,9,YES,ATM_BRUXISMO,4,ATM_BRUXISMO
Fisioestetica Felicita,Estetica/Facial,General,Luque,"Del Maestro 642, Luque 5959, Paraguay",0986 582688,https://wa.me/0986582688,11.76,5.0,1,NO,ESTETICA_DENTAL,4,ESTETICA_SONRISA
DC Pilates & Fisio - Sucursal Ñemby,Gimnasio/Fitness,Yoga/Pilates,San Lorenzo,"JF59+55Q, San Lorenzo 111217, Paraguay",0983 101013,https://wa.me/0983101013,11.69,5.0,4,YES,ATM_BRUXISMO,4,ATM_BRUXISMO
Clínica de Rehabilitación Fisiomedic Paraguay,Otros,General,Luque,"Valeriano Zeballos, PGM6+32V, &, Luque 110921, Paraguay",0984 103260,https://wa.me/0984103260,13.14,5.0,2,NO,ATM_BRUXISMO,4,ATM_BRUXISMO
LZ PILATES - Equilibrio y Bienestar,Gimnasio/Fitness,Yoga/Pilates,San Antonio,"Av. San Antonio, San Antonio 2650, Paraguay",0994 493882,https://wa.me/0994493882,11.18,5.0,4,YES,ATM_BRUXISMO,4,ATM_BRUXISMO
Almadhāra Wellness Center. Pilates y Yoga. Terapias de sanación,Spa/Wellness,Yoga/Pilates,Luque,"Pitiantuta esq, Luque 110917, Paraguay",0972 571035,https://wa.me/0972571035,12.17,5.0,1,YES,ATM_BRUXISMO,4,ATM_BRUXISMO
VIVA PILATES FEM,Gimnasio/Fitness,Yoga/Pilates,Lúke,"QF3R+WFJ, Mariscal José Félix Estigarribia, Lúke 110916, Paraguay",0972 593366,https://wa.me/0972593366,12.73,5.0,3,YES,ATM_BRUXISMO,4,ATM_BRUXISMO
Arita Nails,Uñas/Nails,Salon Uñas,Luque,"Ykuaroty c, Luque 2060, Paraguay",0984 845441,https://wa.me/0984845441,13.96,5.0,1,NO,ATM_BRUXISMO,4,ATM_BRUXISMO
Ñasaindy Pilates,Gimnasio/Fitness,Yoga/Pilates,Capiatá,"JGMF+6M2, San Roque González de Sta. Cruz, Capiatá 110242, Paraguay",0971 140599,https://wa.me/0971140599,14.64,5.0,1,YES,ATM_BRUXISMO,4,ATM_BRUXISMO
Angeles estética,Uñas/Nails,General,Ñemby,"Mercado municipal, Ñemby 2572, Paraguay",0984 581260,https://wa.me/0984581260,10.59,5.0,1,NO,ESTETICA_DENTAL,4,ESTETICA_SONRISA
Azu Spa,Spa/Wellness,Spa,Luque,"PFCR+JWP, Padre Landaire, Luque 110936, Paraguay",0991 776003,https://wa.me/0991776003,11.01,5.0,1,YES,ATM_BRUXISMO,4,ATM_BRUXISMO
Nadia Mora Nails & Beauty,Uñas/Nails,Salon Uñas,Ñemby,"P.º del Rey, Ñemby 111206, Paraguay",0982 151058,https://wa.me/0982151058,10.4,5.0,2,NO,ATM_BRUXISMO,4,ATM_BRUXISMO
Bella Nails Spa Py,Spa/Wellness,Spa,Luque,"Benjamín Aceval, Luque 110933, Paraguay",0981 993074,https://wa.me/0981993074,12.06,4.5,4,YES,ATM_BRUXISMO,4,ATM_BRUXISMO
NB Centro de Estética Integral,Otros,General,Ñemby,"HFPF+WWG, Ñemby 111223, Paraguay",0982 138108,https://wa.me/0982138108,13.89,5.0,2,NO,ESTETICA_DENTAL,4,ESTETICA_SONRISA
Nayr,Spa/Wellness,General,Ñemby,"Sta. Rosa 1298, Ñemby 111214, Paraguay",0987 257866,https://wa.me/0987257866,10.72,5.0,3,YES,ATM_BRUXISMO,4,ATM_BRUXISMO
AM Pilates Studio,Gimnasio/Fitness,Yoga/Pilates,San Lorenzo,"29 de Septiembre casi, San Lorenzo 111461, Paraguay",0971 874747,https://wa.me/0971874747,11.63,4.8,4,YES,ATM_BRUXISMO,4,ATM_BRUXISMO
Angel’s Nail's by Lorena,Uñas/Nails,General,Mariano Roque Alonso,"Arce 673 casi, Mariano Roque Alonso 111010, Paraguay",0982 497121,https://wa.me/0982497121,13.31,5.0,1,NO,ATM_BRUXISMO,4,ATM_BRUXISMO
Spa Spatti,Spa/Wellness,Spa,San Lorenzo,"Av. Dr. Gabriel Pellón, San Lorenzo 111410, Paraguay",0992 396462,https://wa.me/0992396462,11.06,5.0,1,YES,ATM_BRUXISMO,4,ATM_BRUXISMO
Fisioterapia y Kinesiologia Maybe,Otros,General,Mariano Roque Alonso,"111021, Mariano Roque Alonso 2040, Paraguay",0983 826768,https://wa.me/0983826768,13.77,5.0,2,NO,ATM_BRUXISMO,4,ATM_BRUXISMO
Beauty Spa By MeliGonzalez,Spa/Wellness,Spa,San Lorenzo,"España, San Lorenzo 111401, Paraguay",0992 383844,https://wa.me/0992383844,11.23,5.0,1,YES,ATM_BRUXISMO,4,ATM_BRUXISMO
Centro de Estética Ladies'Palace,Otros,General,San Lorenzo,"Gral. Genes 259, San Lorenzo 111424, Paraguay",0984 105223,https://wa.me/0984105223,10.9,5.0,2,NO,ESTETICA_DENTAL,4,ESTETICA_SONRISA
Bonita Cosmeticos,Estetica/Facial,Perfumeria,Ñemby,"JF43+CV9, 9 de Agosto, Ñemby 111214, Paraguay",0992 572541,https://wa.me/0992572541,11.02,5.0,4,NO,ESTETICA_DENTAL,4,ESTETICA_SONRISA
Glam Forever Beauty,Salon de Belleza,General,San Lorenzo,"MF5R+J8J, Coronel Bogado, San Lorenzo 111423, Paraguay",0982 963776,https://wa.me/0982963776,10.56,4.2,5,YES,ESTETICA_DENTAL,4,ESTETICA_SONRISA
Cintia Coiffure,Salon de Belleza,General,Mariano Roque Alonso,"Corrales & Ballivian, Mariano Roque Alonso, Paraguay Mariano Roque Alonso, Mariano Roque Alonso 2040, Paraguay",0991 835955,https://wa.me/0991835955,13.89,4.3,6,YES,ESTETICA_DENTAL,4,ESTETICA_SONRISA
Hāmonī Spa,Spa/Wellness,Spa,Ñemby,"JF35+JX2, Bernardino Caballero, Ñemby 111216, Paraguay",0962 186996,https://wa.me/0962186996,11.51,3.5,8,YES,ATM_BRUXISMO,4,ATM_BRUXISMO
Rochy Beauty Studio,Salon de Belleza,General,Mariano Roque Alonso,"Pirizal, Mariano Roque Alonso 0000, Paraguay",0992 491139,https://wa.me/0992491139,14.13,5.0,2,YES,ESTETICA_DENTAL,4,ESTETICA_SONRISA
Punto di Bellezza,Salon de Belleza,General,Mariano Roque Alonso,"Coronel Félix Bogado, Mariano Roque Alonso 111020, Paraguay",0972 670606,https://wa.me/0972670606,11.73,5.0,1,YES,ESTETICA_DENTAL,4,ESTETICA_SONRISA
Club de ladys_ Sucursal Acceso sur,Salon de Belleza,General,Ñemby,"Av. Pratt Gill, Ñemby 111208, Paraguay",0983 185050,https://wa.me/0983185050,10.04,5.0,2,YES,ESTETICA_DENTAL,4,ESTETICA_SONRISA
Paloma Caprichos✨,Salon de Belleza,General,Ñemby,"JF96+49F, Ñemby 111206, Paraguay",0993 381581,https://wa.me/0993381581,10.4,4.7,3,YES,ESTETICA_DENTAL,4,ESTETICA_SONRISA
Nanda Schadler Beauty,Salon de Belleza,General,Luque,"Luque 110945, Paraguay",0987 317911,https://wa.me/0987317911,10.63,5.0,2,YES,ESTETICA_DENTAL,4,ESTETICA_SONRISA
Coral Do Carmo - Salón de belleza,Peluqueria,General,Luque,"Optaciano Carballo 00000, Luque 2003, Paraguay",0991 656671,https://wa.me/0991656671,13.85,5.0,3,YES,ESTETICA_DENTAL,4,ESTETICA_SONRISA
Bethania Micropigmentacion Labial,Salon de Belleza,General,Luque,"MG4F+WF8, Luque 110209, Paraguay",0994 671269,https://wa.me/0994671269,13.81,5.0,1,YES,ESTETICA_DENTAL,4,ESTETICA_SONRISA
Beauty Salón ND,Salon de Belleza,General,San Lorenzo,"Av. Defensores del Chaco, San Lorenzo 111422, Paraguay",0981 893136,https://wa.me/0981893136,10.61,5.0,1,YES,ESTETICA_DENTAL,4,ESTETICA_SONRISA
Camila Salcedo Studio,Salon de Belleza,General,Asunción,"Sgto Pedro Montes, Asunción 001507, Paraguay",0991 429473,https://wa.me/0991429473,10.01,5.0,2,YES,ESTETICA_DENTAL,4,ESTETICA_SONRISA
Nails Make Up by:Nicole,Uñas/Nails,Salon Uñas,San Lorenzo,"Gonzalez Alsina, San Lorenzo 111453, Paraguay",0981 818996,https://wa.me/0981818996,12.17,4.0,1,NO,ATM_BRUXISMO,4,ATM_BRUXISMO
Paty Ramirez Belleza Integral,Peluqueria,General,San Lorenzo,"Fortín Arce y, San Lorenzo 111424, Paraguay",0994 454014,https://wa.me/0994454014,10.79,5.0,3,YES,ESTETICA_DENTAL,4,ESTETICA_SONRISA
NP Nadia Páez Servicios de belleza,Peluqueria,General,San Lorenzo,"San Lorenzo 111452, Paraguay",0985 706342,https://wa.me/0985706342,11.99,5.0,4,YES,ESTETICA_DENTAL,4,ESTETICA_SONRISA
Studio 88 Peluquería Unisex Spa,Peluqueria,Spa,San Lorenzo,"MF5R+9VC, San Lorenzo 111423, Paraguay",0981 555597,https://wa.me/0981555597,10.7,5.0,2,YES,ATM_BRUXISMO,4,ATM_BRUXISMO
Encantadas Nails spa,Spa/Wellness,Spa,Ñemby,"Bernardino Caballero, Ñemby 111216, Paraguay",0991 825683,https://wa.me/0991825683,11.43,0.0,0,NO,ATM_BRUXISMO,4,ATM_BRUXISMO
JASI SPA MASAJE PY,Spa/Wellness,Spa,Luque,"Dora Gomez Bueno de Acuña, Luque 110910, Paraguay",0994 468578,https://wa.me/0994468578,13.81,0.0,0,NO,ATM_BRUXISMO,4,ATM_BRUXISMO
Loto energy spa,Spa/Wellness,Spa,Ñemby,"10 de Agosto, Ñemby 111213, Paraguay",0985 161781,https://wa.me/0985161781,11.31,2.0,1,NO,ATM_BRUXISMO,4,ATM_BRUXISMO
Terra Pilates Studio,Gimnasio/Fitness,Yoga/Pilates,Mariano R Alonso,"Mariano Roque Alonso, Mariano R Alonso 111010, Paraguay",0982 015267,https://wa.me/0982015267,13.47,0.0,0,NO,ATM_BRUXISMO,4,ATM_BRUXISMO
Evolution RS Pilates,Gimnasio/Fitness,Yoga/Pilates,Luque,"PG98+43J, Miguel Escobar, Luque 110927, Paraguay",0983 094313,https://wa.me/0983094313,13.07,0.0,0,NO,ATM_BRUXISMO,4,ATM_BRUXISMO
Dynamos Pilates Terapéutico,Gimnasio/Fitness,Yoga/Pilates,Luque,"Sauce, Emiliano R. Fernández 1956 esquina, Luque 2060, Paraguay",0994 388844,https://wa.me/0994388844,11.14,0.0,0,NO,ATM_BRUXISMO,4,ATM_BRUXISMO
Miri Yoga - Estudio de yoga,Gimnasio/Fitness,Yoga/Pilates,Luque,"Cruz del Defensor, Luque 110917, Paraguay",0983 190100,https://wa.me/0983190100,11.52,0.0,0,NO,ATM_BRUXISMO,4,ATM_BRUXISMO
PIEL&CO - Depilación Láser piets Definitiva y más,Spa/Wellness,General,San Lorenzo,"JFXV+69R, De Las Residentas, San Lorenzo 111451, Paraguay",0991 437159,https://wa.me/0991437159,11.21,0.0,0,NO,ATM_BRUXISMO,4,ATM_BRUXISMO
Postura Pilates,Gimnasio/Fitness,Yoga/Pilates,San Lorenzo,"MF5V+P69 111423, San Lorenzo 111423, Paraguay",0961 168806,https://wa.me/0961168806,10.78,0.0,0,NO,ATM_BRUXISMO,4,ATM_BRUXISMO
Pilates Training,Gimnasio/Fitness,Yoga/Pilates,San Lorenzo,"111455, Gral. Bruguéz, San Lorenzo 111455, Paraguay",0982 680743,https://wa.me/0982680743,13.04,0.0,0,NO,ATM_BRUXISMO,4,ATM_BRUXISMO
Life medicina estética avanzada,Otros,General,Mariano Roque Alonso,"QFQ9+Q2R, Mariano Roque Alonso 111011, Paraguay",0986 627959,https://wa.me/0986627959,13.9,3.7,3,NO,ESTETICA_DENTAL,4,ESTETICA_SONRISA
Kunu'umi Cosméticos Y Artículos Infantiles,Spa/Wellness,General,San Lorenzo,"Julia Miranda Cueto de Estigarribia casi España 0027 San Lorenzo, San Lorenzo 0027, Paraguay",0991 702280,https://wa.me/0991702280,10.61,3.7,3,YES,ATM_BRUXISMO,4,ATM_BRUXISMO
MAGUS Studio de Color -Peluqueria,Peluqueria,General,San Lorenzo,"España, San Lorenzo 111451, Paraguay",0991 512167,https://wa.me/0991512167,11.27,0.0,0,NO,ATM_BRUXISMO,4,ATM_BRUXISMO
Salón de Belleza Felicita,Peluqueria,General,Luque,"Cerca de, PGP4+H96 Cerca de, Luque 110918, Luque 110918, Paraguay",0981 179139,https://wa.me/0981179139,12.92,0.0,0,NO,ESTETICA_DENTAL,4,ESTETICA_SONRISA
florencia Lashes,Salon de Belleza,General,Luque,"Tte. Herrero Bueno 839, Luque 110919, Paraguay",0994 151347,https://wa.me/0994151347,13.58,0.0,0,NO,ESTETICA_DENTAL,4,ESTETICA_SONRISA
Tu estilo salón de belleza,Peluqueria,General,Ñemby,"Ñemby 111216, Paraguay",0972 882126,https://wa.me/0972882126,11.09,0.0,0,NO,ESTETICA_DENTAL,4,ESTETICA_SONRISA
Spa & peluqueria Bella unisex,Peluqueria,Spa,Mariano Roque Alonso,"Gral Bernardino caballero y, tte Adolfo rojas silva 123, Mariano Roque Alonso 111007, Paraguay",0981 314713,https://wa.me/0981314713,14.38,0.0,0,NO,ATM_BRUXISMO,4,ATM_BRUXISMO
Pdlashes_py,Salon de Belleza,General,Mariano Roque Alonso,"Manuel Gondra, &, Mariano Roque Alonso 111011, Paraguay",0985 857127,https://wa.me/0985857127,13.75,0.0,0,NO,ESTETICA_DENTAL,4,ESTETICA_SONRISA
UNIDAD REHABILITACION INTEGRAL,Gimnasio/Fitness,General,Lúke,"Sauce 573, Lúke 2060, Paraguay",0992 441524,https://wa.me/0992441524,11.84,5.0,19,YES,ATM_BRUXISMO,4,ATM_BRUXISMO
Clínica Dra Belleza,Otros,General,Luque,"Independencia Nacional, Luque 110921, Paraguay",0973 535013,https://wa.me/0973535013,13.29,5.0,3,YES,ESTETICA_DENTAL,4,ESTETICA_SONRISA
Centro de Estética Seven,Otros,General,San Lorenzo,"Los Tucanes casi, San Lorenzo 111426, Paraguay",0993 564674,https://wa.me/0993564674,12.54,5.0,4,YES,ESTETICA_DENTAL,4,ESTETICA_SONRISA
Cosmetica Morena km18,Estetica/Facial,General,Capiatá,"JGGC+RR, Capiatá 4750, Paraguay",0991 717223,https://wa.me/0991717223,14.79,3.4,18,YES,ESTETICA_DENTAL,4,ESTETICA_SONRISA
Tu Láser Depilación,Salon de Belleza,General,Luque,"Avenida General Aquino &, PFMV+W3X, Tte. Rivas, Luque 110934, Paraguay",0985 416797,https://wa.me/0985416797,11.67,3.7,3,YES,ESTETICA_DENTAL,4,ESTETICA_SONRISA
Yenny Almirón (COSMETOLOGA & COSMIATRA),Estetica/Facial,General,Asunción,"Pascual Ramon Casco, Asunción 001508, Paraguay",0972 416700,https://wa.me/0972416700,10.2,5.0,1,YES,ESTETICA_DENTAL,4,ESTETICA_SONRISA
Nico Cosmeticos,Estetica/Facial,Perfumeria,San Lorenzo,"Julia Miranda Cueto &, MF3Q+P97, Sargento Silva, San Lorenzo 111422, Paraguay",0985 922637,https://wa.me/0985922637,10.5,3.6,9,YES,ESTETICA_DENTAL,4,ESTETICA_SONRISA
José Nuñez Beauty Center,Salon de Belleza,General,San Lorenzo,"Coronel Bogado casi, San Lorenzo 2160, Paraguay",0993 482640,https://wa.me/0993482640,10.1,4.8,11,YES,ESTETICA_DENTAL,4,ESTETICA_SONRISA
KG Beauty Studio,Salon de Belleza,General,Ñemby,"Av. Paraguay esq, Ñemby 111307, Paraguay",0992 187021,https://wa.me/0992187021,11.72,5.0,13,YES,ESTETICA_DENTAL,4,ESTETICA_SONRISA
Nan spa,Spa/Wellness,Spa,Mariano Roque Alonso,"Av. Eusebio Ayala, Mariano Roque Alonso 111021, Paraguay",0981 147633,https://wa.me/0981147633,11.36,0.0,0,YES,ATM_BRUXISMO,4,ATM_BRUXISMO
spa andrea,Spa/Wellness,Spa,Luque,"Cap. Andres Insfran, Luque 2060, Paraguay",0971 755251,https://wa.me/0971755251,12.14,0.0,0,YES,ATM_BRUXISMO,4,ATM_BRUXISMO
Sonia Nails Art.,Uñas/Nails,Salon Uñas,Lúke,"110950, Cruz del Chaco, Lúke 110950, Paraguay",0994 536641,https://wa.me/0994536641,12.35,0.0,0,NO,ATM_BRUXISMO,4,ATM_BRUXISMO
Iuvenis - Medicina Estética,Otros,General,San Lorenzo,"Teniente Molas 880, San Lorenzo 111457, Paraguay",0983 257546,https://wa.me/0983257546,12.26,0.0,0,NO,ESTETICA_DENTAL,4,ESTETICA_SONRISA
Estética integral,Otros,General,San Lorenzo,"JFHX+PCG, Campo Jordan, San Lorenzo 111464, Paraguay",99477799,https://wa.me/99477799,12.6,0.0,0,NO,ESTETICA_DENTAL,4,ESTETICA_SONRISA
